#,Primary Keyword,Recommended Page Title,Intent,Category,Service,Industry / Market,Page Type,Priority,Notes,Source URL
409,marketing for body contouring,Marketing for Body Contouring,Commercial,Industry,Full Stack,Med Spas,Industry Subservice Page,High,Sub-niche page under Med Spas.,https://simplufy.com/
410,lead generation for body contouring,Lead Generation for Body Contouring,Commercial,Industry,Full Stack,Med Spas,Industry Subservice Page,High,Demand-gen page for specific buyer/service line.,https://simplufy.com/
411,website design for body contouring,Website Design for Body Contouring,Commercial,Web Development,Web Development,Med Spas,Service x Subservice Page,Medium,High-intent service-specific web design page.,https://simplufy.com/
412,google ads for body contouring,Google Ads for Body Contouring,Commercial,Google PPC,Google PPC,Med Spas,Paid Search Page,High,High-buying-intent PPC page.,https://simplufy.com/
413,seo for body contouring,SEO for Body Contouring,Commercial,SEO / AEO / GEO,SEO / AEO / GEO,Med Spas,Organic Search Page,High,Organic visibility page tied to a specific service niche.,https://simplufy.com/
414,marketing for skincare clinics,Marketing for Skincare Clinics,Commercial,Industry,Full Stack,Med Spas,Industry Subservice Page,High,Sub-niche page under Med Spas.,https://simplufy.com/
415,lead generation for skincare clinics,Lead Generation for Skincare Clinics,Commercial,Industry,Full Stack,Med Spas,Industry Subservice Page,High,Demand-gen page for specific buyer/service line.,https://simplufy.com/
416,website design for skincare clinics,Website Design for Skincare Clinics,Commercial,Web Development,Web Development,Med Spas,Service x Subservice Page,Medium,High-intent service-specific web design page.,https://simplufy.com/
417,google ads for skincare clinics,Google Ads for Skincare Clinics,Commercial,Google PPC,Google PPC,Med Spas,Paid Search Page,High,High-buying-intent PPC page.,https://simplufy.com/
418,seo for skincare clinics,SEO for Skincare Clinics,Commercial,SEO / AEO / GEO,SEO / AEO / GEO,Med Spas,Organic Search Page,High,Organic visibility page tied to a specific service niche.,https://simplufy.com/
419,marketing for consultants,Marketing for Consultants,Commercial,Industry,Full Stack,B2B Services,Industry Subservice Page,High,Sub-niche page under B2B Services.,https://simplufy.com/
420,lead generation for consultants,Lead Generation for Consultants,Commercial,Industry,Full Stack,B2B Services,Industry Subservice Page,High,Demand-gen page for specific buyer/service line.,https://simplufy.com/
421,website design for consultants,Website Design for Consultants,Commercial,Web Development,Web Development,B2B Services,Service x Subservice Page,Medium,High-intent service-specific web design page.,https://simplufy.com/
422,google ads for consultants,Google Ads for Consultants,Commercial,Google PPC,Google PPC,B2B Services,Paid Search Page,High,High-buying-intent PPC page.,https://simplufy.com/
423,seo for consultants,SEO for Consultants,Commercial,SEO / AEO / GEO,SEO / AEO / GEO,B2B Services,Organic Search Page,High,Organic visibility page tied to a specific service niche.,https://simplufy.com/
424,marketing for agencies,Marketing for Agencies,Commercial,Industry,Full Stack,B2B Services,Industry Subservice Page,High,Sub-niche page under B2B Services.,https://simplufy.com/
425,lead generation for agencies,Lead Generation for Agencies,Commercial,Industry,Full Stack,B2B Services,Industry Subservice Page,High,Demand-gen page for specific buyer/service line.,https://simplufy.com/
426,website design for agencies,Website Design for Agencies,Commercial,Web Development,Web Development,B2B Services,Service x Subservice Page,Medium,High-intent service-specific web design page.,https://simplufy.com/
427,google ads for agencies,Google Ads for Agencies,Commercial,Google PPC,Google PPC,B2B Services,Paid Search Page,High,High-buying-intent PPC page.,https://simplufy.com/
428,seo for agencies,SEO for Agencies,Commercial,SEO / AEO / GEO,SEO / AEO / GEO,B2B Services,Organic Search Page,High,Organic visibility page tied to a specific service niche.,https://simplufy.com/
429,marketing for professional services,Marketing for Professional Services,Commercial,Industry,Full Stack,B2B Services,Industry Subservice Page,High,Sub-niche page under B2B Services.,https://simplufy.com/
430,lead generation for professional services,Lead Generation for Professional Services,Commercial,Industry,Full Stack,B2B Services,Industry Subservice Page,High,Demand-gen page for specific buyer/service line.,https://simplufy.com/
431,website design for professional services,Website Design for Professional Services,Commercial,Web Development,Web Development,B2B Services,Service x Subservice Page,Medium,High-intent service-specific web design page.,https://simplufy.com/
432,google ads for professional services,Google Ads for Professional Services,Commercial,Google PPC,Google PPC,B2B Services,Paid Search Page,High,High-buying-intent PPC page.,https://simplufy.com/
433,seo for professional services,SEO for Professional Services,Commercial,SEO / AEO / GEO,SEO / AEO / GEO,B2B Services,Organic Search Page,High,Organic visibility page tied to a specific service niche.,https://simplufy.com/
434,marketing for IT providers,Marketing for It Providers,Commercial,Industry,Full Stack,B2B Services,Industry Subservice Page,High,Sub-niche page under B2B Services.,https://simplufy.com/
435,lead generation for IT providers,Lead Generation for It Providers,Commercial,Industry,Full Stack,B2B Services,Industry Subservice Page,High,Demand-gen page for specific buyer/service line.,https://simplufy.com/
436,website design for IT providers,Website Design for It Providers,Commercial,Web Development,Web Development,B2B Services,Service x Subservice Page,Medium,High-intent service-specific web design page.,https://simplufy.com/
437,google ads for IT providers,Google Ads for It Providers,Commercial,Google PPC,Google PPC,B2B Services,Paid Search Page,High,High-buying-intent PPC page.,https://simplufy.com/
438,seo for IT providers,SEO for It Providers,Commercial,SEO / AEO / GEO,SEO / AEO / GEO,B2B Services,Organic Search Page,High,Organic visibility page tied to a specific service niche.,https://simplufy.com/
439,marketing for HR firms,Marketing for Hr Firms,Commercial,Industry,Full Stack,B2B Services,Industry Subservice Page,High,Sub-niche page under B2B Services.,https://simplufy.com/
440,lead generation for HR firms,Lead Generation for Hr Firms,Commercial,Industry,Full Stack,B2B Services,Industry Subservice Page,High,Demand-gen page for specific buyer/service line.,https://simplufy.com/
441,website design for HR firms,Website Design for Hr Firms,Commercial,Web Development,Web Development,B2B Services,Service x Subservice Page,Medium,High-intent service-specific web design page.,https://simplufy.com/
442,google ads for HR firms,Google Ads for Hr Firms,Commercial,Google PPC,Google PPC,B2B Services,Paid Search Page,High,High-buying-intent PPC page.,https://simplufy.com/
443,seo for HR firms,SEO for Hr Firms,Commercial,SEO / AEO / GEO,SEO / AEO / GEO,B2B Services,Organic Search Page,High,Organic visibility page tied to a specific service niche.,https://simplufy.com/
444,marketing for recruiting firms,Marketing for Recruiting Firms,Commercial,Industry,Full Stack,B2B Services,Industry Subservice Page,High,Sub-niche page under B2B Services.,https://simplufy.com/
445,lead generation for recruiting firms,Lead Generation for Recruiting Firms,Commercial,Industry,Full Stack,B2B Services,Industry Subservice Page,High,Demand-gen page for specific buyer/service line.,https://simplufy.com/
446,website design for recruiting firms,Website Design for Recruiting Firms,Commercial,Web Development,Web Development,B2B Services,Service x Subservice Page,Medium,High-intent service-specific web design page.,https://simplufy.com/
447,google ads for recruiting firms,Google Ads for Recruiting Firms,Commercial,Google PPC,Google PPC,B2B Services,Paid Search Page,High,High-buying-intent PPC page.,https://simplufy.com/
448,seo for recruiting firms,SEO for Recruiting Firms,Commercial,SEO / AEO / GEO,SEO / AEO / GEO,B2B Services,Organic Search Page,High,Organic visibility page tied to a specific service niche.,https://simplufy.com/
449,marketing for coaches,Marketing for Coaches,Commercial,Industry,Full Stack,Education & Training,Industry Subservice Page,High,Sub-niche page under Education & Training.,https://simplufy.com/
450,lead generation for coaches,Lead Generation for Coaches,Commercial,Industry,Full Stack,Education & Training,Industry Subservice Page,High,Demand-gen page for specific buyer/service line.,https://simplufy.com/
451,website design for coaches,Website Design for Coaches,Commercial,Web Development,Web Development,Education & Training,Service x Subservice Page,Medium,High-intent service-specific web design page.,https://simplufy.com/
452,google ads for coaches,Google Ads for Coaches,Commercial,Google PPC,Google PPC,Education & Training,Paid Search Page,High,High-buying-intent PPC page.,https://simplufy.com/
453,seo for coaches,SEO for Coaches,Commercial,SEO / AEO / GEO,SEO / AEO / GEO,Education & Training,Organic Search Page,High,Organic visibility page tied to a specific service niche.,https://simplufy.com/
454,marketing for course creators,Marketing for Course Creators,Commercial,Industry,Full Stack,Education & Training,Industry Subservice Page,High,Sub-niche page under Education & Training.,https://simplufy.com/
455,lead generation for course creators,Lead Generation for Course Creators,Commercial,Industry,Full Stack,Education & Training,Industry Subservice Page,High,Demand-gen page for specific buyer/service line.,https://simplufy.com/
456,website design for course creators,Website Design for Course Creators,Commercial,Web Development,Web Development,Education & Training,Service x Subservice Page,Medium,High-intent service-specific web design page.,https://simplufy.com/
457,google ads for course creators,Google Ads for Course Creators,Commercial,Google PPC,Google PPC,Education & Training,Paid Search Page,High,High-buying-intent PPC page.,https://simplufy.com/
458,seo for course creators,SEO for Course Creators,Commercial,SEO / AEO / GEO,SEO / AEO / GEO,Education & Training,Organic Search Page,High,Organic visibility page tied to a specific service niche.,https://simplufy.com/
459,marketing for training companies,Marketing for Training Companies,Commercial,Industry,Full Stack,Education & Training,Industry Subservice Page,High,Sub-niche page under Education & Training.,https://simplufy.com/
460,lead generation for training companies,Lead Generation for Training Companies,Commercial,Industry,Full Stack,Education & Training,Industry Subservice Page,High,Demand-gen page for specific buyer/service line.,https://simplufy.com/
461,website design for training companies,Website Design for Training Companies,Commercial,Web Development,Web Development,Education & Training,Service x Subservice Page,Medium,High-intent service-specific web design page.,https://simplufy.com/
462,google ads for training companies,Google Ads for Training Companies,Commercial,Google PPC,Google PPC,Education & Training,Paid Search Page,High,High-buying-intent PPC page.,https://simplufy.com/
463,seo for training companies,SEO for Training Companies,Commercial,SEO / AEO / GEO,SEO / AEO / GEO,Education & Training,Organic Search Page,High,Organic visibility page tied to a specific service niche.,https://simplufy.com/
464,marketing for private schools,Marketing for Private Schools,Commercial,Industry,Full Stack,Education & Training,Industry Subservice Page,High,Sub-niche page under Education & Training.,https://simplufy.com/
465,lead generation for private schools,Lead Generation for Private Schools,Commercial,Industry,Full Stack,Education & Training,Industry Subservice Page,High,Demand-gen page for specific buyer/service line.,https://simplufy.com/
466,website design for private schools,Website Design for Private Schools,Commercial,Web Development,Web Development,Education & Training,Service x Subservice Page,Medium,High-intent service-specific web design page.,https://simplufy.com/
467,google ads for private schools,Google Ads for Private Schools,Commercial,Google PPC,Google PPC,Education & Training,Paid Search Page,High,High-buying-intent PPC page.,https://simplufy.com/
468,seo for private schools,SEO for Private Schools,Commercial,SEO / AEO / GEO,SEO / AEO / GEO,Education & Training,Organic Search Page,High,Organic visibility page tied to a specific service niche.,https://simplufy.com/
469,marketing for workforce programs,Marketing for Workforce Programs,Commercial,Industry,Full Stack,Education & Training,Industry Subservice Page,High,Sub-niche page under Education & Training.,https://simplufy.com/
470,lead generation for workforce programs,Lead Generation for Workforce Programs,Commercial,Industry,Full Stack,Education & Training,Industry Subservice Page,High,Demand-gen page for specific buyer/service line.,https://simplufy.com/
471,website design for workforce programs,Website Design for Workforce Programs,Commercial,Web Development,Web Development,Education & Training,Service x Subservice Page,Medium,High-intent service-specific web design page.,https://simplufy.com/
472,google ads for workforce programs,Google Ads for Workforce Programs,Commercial,Google PPC,Google PPC,Education & Training,Paid Search Page,High,High-buying-intent PPC page.,https://simplufy.com/
473,seo for workforce programs,SEO for Workforce Programs,Commercial,SEO / AEO / GEO,SEO / AEO / GEO,Education & Training,Organic Search Page,High,Organic visibility page tied to a specific service niche.,https://simplufy.com/
474,how to get more booked calls for contractors,How to Get More Booked Calls for Contractors,Informational/Commercial,Problem/Solution,Web Development,All Service Businesses,Resource,Medium,"Useful for resources, supporting pages, and internal links.",https://simplufy.com/
475,how to follow up with leads faster,How to Follow Up With Leads Faster,Informational,Problem/Solution,CRM Solutions,All Service Businesses,Resource,Medium,"Useful for resources, supporting pages, and internal links.",https://simplufy.com/
476,missed call text back automation,Missed Call Text Back Automation,Commercial,Problem/Solution,CRM Solutions,All Service Businesses,CRM Page,Medium,"Useful for resources, supporting pages, and internal links.",https://simplufy.com/
477,speed to lead automation,Speed-to-Lead Automation,Commercial,Problem/Solution,CRM Solutions,All Service Businesses,CRM Page,Medium,"Useful for resources, supporting pages, and internal links.",https://simplufy.com/
478,lead routing automation,Lead Routing Automation,Commercial,Problem/Solution,CRM Solutions,All Service Businesses,CRM Page,Medium,"Useful for resources, supporting pages, and internal links.",https://simplufy.com/
479,go high level missed call text back,GoHighLevel Missed Call Text Back,Commercial,Problem/Solution,CRM Solutions,All Service Businesses,CRM Page,Medium,"Useful for resources, supporting pages, and internal links.",https://simplufy.com/
480,go high level pipeline setup,GoHighLevel Pipeline Setup,Commercial,Problem/Solution,CRM Solutions,All Service Businesses,CRM Page,Medium,"Useful for resources, supporting pages, and internal links.",https://simplufy.com/
481,go high level calendar setup,GoHighLevel Calendar Setup,Commercial,Problem/Solution,CRM Solutions,All Service Businesses,CRM Page,Medium,"Useful for resources, supporting pages, and internal links.",https://simplufy.com/
482,go high level forms and calendars,GoHighLevel Forms and Calendars,Commercial,Problem/Solution,CRM Solutions,All Service Businesses,CRM Page,Medium,"Useful for resources, supporting pages, and internal links.",https://simplufy.com/
483,local service business crm setup,Local Service Business CRM Setup,Commercial,Problem/Solution,CRM Solutions,All Service Businesses,CRM Page,Medium,"Useful for resources, supporting pages, and internal links.",https://simplufy.com/
484,contractor crm automation,Contractor CRM Automation,Commercial,Problem/Solution,CRM Solutions,All Service Businesses,CRM Page,Medium,"Useful for resources, supporting pages, and internal links.",https://simplufy.com/
485,med spa crm automation,Med Spa CRM Automation,Commercial,Problem/Solution,CRM Solutions,All Service Businesses,CRM Page,Medium,"Useful for resources, supporting pages, and internal links.",https://simplufy.com/
486,auto detailing crm automation,Auto Detailing CRM Automation,Commercial,Problem/Solution,CRM Solutions,All Service Businesses,CRM Page,Medium,"Useful for resources, supporting pages, and internal links.",https://simplufy.com/
487,roofing lead follow up automation,Roofing Lead Follow-Up Automation,Commercial,Problem/Solution,CRM Solutions,All Service Businesses,CRM Page,Medium,"Useful for resources, supporting pages, and internal links.",https://simplufy.com/
488,plumbing lead follow up automation,Plumbing Lead Follow-Up Automation,Commercial,Problem/Solution,CRM Solutions,All Service Businesses,CRM Page,Medium,"Useful for resources, supporting pages, and internal links.",https://simplufy.com/
489,pest control lead follow up automation,Pest Control Lead Follow-Up Automation,Commercial,Problem/Solution,CRM Solutions,All Service Businesses,CRM Page,Medium,"Useful for resources, supporting pages, and internal links.",https://simplufy.com/
490,ai lead intake assistant,AI Lead Intake Assistant,Commercial,Problem/Solution,CRM Solutions,All Service Businesses,AI Page,Medium,"Useful for resources, supporting pages, and internal links.",https://simplufy.com/
491,ai appointment booking assistant,AI Appointment Booking Assistant,Commercial,Problem/Solution,AI Implementation,All Service Businesses,AI Page,Medium,"Useful for resources, supporting pages, and internal links.",https://simplufy.com/
492,ai reporting assistant,AI Reporting Assistant,Commercial,Problem/Solution,AI Implementation,All Service Businesses,AI Page,Medium,"Useful for resources, supporting pages, and internal links.",https://simplufy.com/
493,ai content workflow for service businesses,AI Content Workflow for Service Businesses,Commercial,Problem/Solution,AI Implementation,All Service Businesses,AI Page,Medium,"Useful for resources, supporting pages, and internal links.",https://simplufy.com/
494,ai crm automation,AI CRM Automation,Commercial,Problem/Solution,CRM Solutions,All Service Businesses,AI Page,Medium,"Useful for resources, supporting pages, and internal links.",https://simplufy.com/
495,agent orchestration for businesses,Agent Orchestration for Businesses,Commercial,Problem/Solution,AI Implementation,All Service Businesses,AI Page,Medium,"Useful for resources, supporting pages, and internal links.",https://simplufy.com/
496,ai knowledge base for service business,AI Knowledge Base for Service Business,Commercial,Problem/Solution,AI Implementation,All Service Businesses,AI Page,Medium,"Useful for resources, supporting pages, and internal links.",https://simplufy.com/
497,answer engine optimization agency,Answer Engine Optimization Agency,Commercial,Problem/Solution,SEO / AEO / GEO,All Service Businesses,SEO Page,Medium,"Useful for resources, supporting pages, and internal links.",https://simplufy.com/
498,generative engine optimization agency,Generative Engine Optimization Agency,Commercial,Problem/Solution,Web Development,All Service Businesses,SEO Page,Medium,"Useful for resources, supporting pages, and internal links.",https://simplufy.com/
499,geo agency for service businesses,GEO Agency for Service Businesses,Commercial,Problem/Solution,SEO / AEO / GEO,All Service Businesses,SEO Page,Medium,"Useful for resources, supporting pages, and internal links.",https://simplufy.com/
500,aeo agency for service businesses,AEO Agency for Service Businesses,Commercial,Problem/Solution,SEO / AEO / GEO,All Service Businesses,SEO Page,Medium,"Useful for resources, supporting pages, and internal links.",https://simplufy.com/
501,local seo service pages,Local SEO Service Pages,Commercial,Problem/Solution,SEO / AEO / GEO,All Service Businesses,SEO Page,Medium,"Useful for resources, supporting pages, and internal links.",https://simplufy.com/
502,service area pages for contractors,Service Area Pages for Contractors,Informational/Commercial,Problem/Solution,Web Development,All Service Businesses,SEO Page,Medium,"Useful for resources, supporting pages, and internal links.",https://simplufy.com/
503,location pages for local seo,Location Pages for Local SEO,Informational/Commercial,Problem/Solution,SEO / AEO / GEO,All Service Businesses,SEO Page,Medium,"Useful for resources, supporting pages, and internal links.",https://simplufy.com/
504,google business profile optimization for contractors,Google Business Profile Optimization for Contractors,Commercial,Problem/Solution,SEO / AEO / GEO,All Service Businesses,SEO Page,Medium,"Useful for resources, supporting pages, and internal links.",https://simplufy.com/
505,crm reporting dashboard for service business,CRM Reporting Dashboard for Service Business,Commercial,Problem/Solution,CRM Solutions,All Service Businesses,CRM Page,Medium,"Useful for resources, supporting pages, and internal links.",https://simplufy.com/
506,lead source tracking for service business,Lead Source Tracking for Service Business,Commercial,Problem/Solution,CRM Solutions,All Service Businesses,CRM Page,Medium,"Useful for resources, supporting pages, and internal links.",https://simplufy.com/
507,marketing attribution for contractors,Marketing Attribution for Contractors,Commercial,Problem/Solution,Web Development,All Service Businesses,Analytics Page,Medium,"Useful for resources, supporting pages, and internal links.",https://simplufy.com/
508,landing pages for service businesses,Landing Pages for Service Businesses,Commercial,Problem/Solution,Web Development,All Service Businesses,Web Page,Medium,"Useful for resources, supporting pages, and internal links.",https://simplufy.com/
509,service pages for contractors,Service Pages for Contractors,Commercial,Problem/Solution,Web Development,All Service Businesses,Web Page,Medium,"Useful for resources, supporting pages, and internal links.",https://simplufy.com/
510,booking website for service business,Booking Website for Service Business,Commercial,Problem/Solution,Web Development,All Service Businesses,Web Page,Medium,"Useful for resources, supporting pages, and internal links.",https://simplufy.com/
511,online booking system for detailing business,Online Booking System for Detailing Business,Commercial,Problem/Solution,AI Implementation,All Service Businesses,Web Page,Medium,"Useful for resources, supporting pages, and internal links.",https://simplufy.com/
512,quote request website for contractors,Quote Request Website for Contractors,Commercial,Problem/Solution,Web Development,All Service Businesses,Web Page,Medium,"Useful for resources, supporting pages, and internal links.",https://simplufy.com/
513,high converting contractor website,High-Converting Contractor Website,Commercial,Problem/Solution,Web Development,All Service Businesses,Web Page,Medium,"Useful for resources, supporting pages, and internal links.",https://simplufy.com/
514,best website structure for local seo,Best Website Structure for Local SEO,Informational,Problem/Solution,SEO / AEO / GEO,All Service Businesses,Resource,Medium,"Useful for resources, supporting pages, and internal links.",https://simplufy.com/
515,google ads vs facebook ads for contractors,Google Ads vs Facebook Ads for Contractors,Comparison,Comparison,Full Stack,All Service Businesses,Comparison Resource,Medium,Useful middle-funnel traffic and internal links to money pages.,https://simplufy.com/
516,google ads vs local services ads,Google Ads vs Local Services Ads,Comparison,Comparison,Full Stack,All Service Businesses,Comparison Resource,Medium,Useful middle-funnel traffic and internal links to money pages.,https://simplufy.com/
517,seo vs google ads for local businesses,SEO vs Google Ads for Local Businesses,Comparison,Comparison,Full Stack,All Service Businesses,Comparison Resource,Medium,Useful middle-funnel traffic and internal links to money pages.,https://simplufy.com/
518,go high level vs hubspot for service businesses,GoHighLevel vs HubSpot for Service Businesses,Comparison,Comparison,Full Stack,All Service Businesses,Comparison Resource,Medium,Useful middle-funnel traffic and internal links to money pages.,https://simplufy.com/
519,go high level vs jobber,GoHighLevel vs Jobber,Comparison,Comparison,Full Stack,All Service Businesses,Comparison Resource,Medium,Useful middle-funnel traffic and internal links to money pages.,https://simplufy.com/
520,landing page vs website for service business,Landing Page vs Website for Service Business,Comparison,Comparison,Full Stack,All Service Businesses,Comparison Resource,Medium,Useful middle-funnel traffic and internal links to money pages.,https://simplufy.com/
521,local seo vs ppc for contractors,Local SEO vs PPC for Contractors,Comparison,Comparison,Full Stack,All Service Businesses,Comparison Resource,Medium,Useful middle-funnel traffic and internal links to money pages.,https://simplufy.com/
522,google lsa vs ppc for plumbers,Google LSA vs PPC for Plumbers,Comparison,Comparison,Full Stack,All Service Businesses,Comparison Resource,Medium,Useful middle-funnel traffic and internal links to money pages.,https://simplufy.com/
523,meta ads vs google ads for med spas,Meta Ads vs Google Ads for Med Spas,Comparison,Comparison,Full Stack,All Service Businesses,Comparison Resource,Medium,Useful middle-funnel traffic and internal links to money pages.,https://simplufy.com/
524,tiktok ads vs meta ads for local businesses,TikTok Ads vs Meta Ads for Local Businesses,Comparison,Comparison,Full Stack,All Service Businesses,Comparison Resource,Medium,Useful middle-funnel traffic and internal links to money pages.,https://simplufy.com/
525,seo vs aeo vs geo,SEO vs AEO vs GEO,Comparison,Comparison,Full Stack,All Service Businesses,Comparison Resource,Medium,Useful middle-funnel traffic and internal links to money pages.,https://simplufy.com/
526,ai chatbot vs ai agent for business,AI Chatbot vs AI Agent for Business,Comparison,Comparison,Full Stack,All Service Businesses,Comparison Resource,Medium,Useful middle-funnel traffic and internal links to money pages.,https://simplufy.com/
527,best crm for service businesses,Best CRM for Service Businesses,Comparison,Comparison,Full Stack,All Service Businesses,Comparison Resource,Medium,Useful middle-funnel traffic and internal links to money pages.,https://simplufy.com/
528,best marketing agency for contractors,Best Marketing Agency for Contractors,Comparison,Comparison,Full Stack,All Service Businesses,Comparison Resource,Medium,Useful middle-funnel traffic and internal links to money pages.,https://simplufy.com/
529,best website platform for service businesses,Best Website Platform for Service Businesses,Comparison,Comparison,Full Stack,All Service Businesses,Comparison Resource,Medium,Useful middle-funnel traffic and internal links to money pages.,https://simplufy.com/
530,best gohighlevel agency,Best GoHighLevel Agency,Comparison,Comparison,Full Stack,All Service Businesses,Comparison Resource,Medium,Useful middle-funnel traffic and internal links to money pages.,https://simplufy.com/
531,best seo agency for contractors,Best SEO Agency for Contractors,Comparison,Comparison,Full Stack,All Service Businesses,Comparison Resource,Medium,Useful middle-funnel traffic and internal links to money pages.,https://simplufy.com/
532,best google ads agency for local businesses,Best Google Ads Agency for Local Businesses,Comparison,Comparison,Full Stack,All Service Businesses,Comparison Resource,Medium,Useful middle-funnel traffic and internal links to money pages.,https://simplufy.com/
533,best ai automation agency for small business,Best AI Automation Agency for Small Business,Comparison,Comparison,Full Stack,All Service Businesses,Comparison Resource,Medium,Useful middle-funnel traffic and internal links to money pages.,https://simplufy.com/
534,best lead generation agency for contractors,Best Lead Generation Agency for Contractors,Comparison,Comparison,Full Stack,All Service Businesses,Comparison Resource,Medium,Useful middle-funnel traffic and internal links to money pages.,https://simplufy.com/
535,digital marketing agency st petersburg fl,Digital Marketing Agency in St Petersburg FL,Local Commercial,Location,Digital Marketing Agency,St Petersburg FL,Location Page,Medium,"Location modifier page. Build where you have proof, clients, or realistic expansion intent.",https://simplufy.com/
536,website design st petersburg fl,Website Design in St Petersburg FL,Local Commercial,Location,Website Design,St Petersburg FL,Location Page,Medium,"Location modifier page. Build where you have proof, clients, or realistic expansion intent.",https://simplufy.com/
537,seo agency st petersburg fl,Seo Agency in St Petersburg FL,Local Commercial,Location,Seo Agency,St Petersburg FL,Location Page,Medium,"Location modifier page. Build where you have proof, clients, or realistic expansion intent.",https://simplufy.com/
538,google ads agency st petersburg fl,Google Ads Agency in St Petersburg FL,Local Commercial,Location,Google Ads Agency,St Petersburg FL,Location Page,Medium,"Location modifier page. Build where you have proof, clients, or realistic expansion intent.",https://simplufy.com/
539,gohighlevel agency st petersburg fl,Gohighlevel Agency in St Petersburg FL,Local Commercial,Location,Gohighlevel Agency,St Petersburg FL,Location Page,Medium,"Location modifier page. Build where you have proof, clients, or realistic expansion intent.",https://simplufy.com/
540,ai automation agency st petersburg fl,Ai Automation Agency in St Petersburg FL,Local Commercial,Location,Ai Automation Agency,St Petersburg FL,Location Page,Medium,"Location modifier page. Build where you have proof, clients, or realistic expansion intent.",https://simplufy.com/
541,digital marketing agency tampa fl,Digital Marketing Agency in Tampa FL,Local Commercial,Location,Digital Marketing Agency,Tampa FL,Location Page,Medium,"Location modifier page. Build where you have proof, clients, or realistic expansion intent.",https://simplufy.com/
542,website design tampa fl,Website Design in Tampa FL,Local Commercial,Location,Website Design,Tampa FL,Location Page,Medium,"Location modifier page. Build where you have proof, clients, or realistic expansion intent.",https://simplufy.com/
543,seo agency tampa fl,Seo Agency in Tampa FL,Local Commercial,Location,Seo Agency,Tampa FL,Location Page,Medium,"Location modifier page. Build where you have proof, clients, or realistic expansion intent.",https://simplufy.com/
544,google ads agency tampa fl,Google Ads Agency in Tampa FL,Local Commercial,Location,Google Ads Agency,Tampa FL,Location Page,Medium,"Location modifier page. Build where you have proof, clients, or realistic expansion intent.",https://simplufy.com/
545,gohighlevel agency tampa fl,Gohighlevel Agency in Tampa FL,Local Commercial,Location,Gohighlevel Agency,Tampa FL,Location Page,Medium,"Location modifier page. Build where you have proof, clients, or realistic expansion intent.",https://simplufy.com/
546,ai automation agency tampa fl,Ai Automation Agency in Tampa FL,Local Commercial,Location,Ai Automation Agency,Tampa FL,Location Page,Medium,"Location modifier page. Build where you have proof, clients, or realistic expansion intent.",https://simplufy.com/
547,digital marketing agency clearwater fl,Digital Marketing Agency in Clearwater FL,Local Commercial,Location,Digital Marketing Agency,Clearwater FL,Location Page,Medium,"Location modifier page. Build where you have proof, clients, or realistic expansion intent.",https://simplufy.com/
548,website design clearwater fl,Website Design in Clearwater FL,Local Commercial,Location,Website Design,Clearwater FL,Location Page,Medium,"Location modifier page. Build where you have proof, clients, or realistic expansion intent.",https://simplufy.com/
549,seo agency clearwater fl,Seo Agency in Clearwater FL,Local Commercial,Location,Seo Agency,Clearwater FL,Location Page,Medium,"Location modifier page. Build where you have proof, clients, or realistic expansion intent.",https://simplufy.com/
550,google ads agency clearwater fl,Google Ads Agency in Clearwater FL,Local Commercial,Location,Google Ads Agency,Clearwater FL,Location Page,Medium,"Location modifier page. Build where you have proof, clients, or realistic expansion intent.",https://simplufy.com/
551,gohighlevel agency clearwater fl,Gohighlevel Agency in Clearwater FL,Local Commercial,Location,Gohighlevel Agency,Clearwater FL,Location Page,Medium,"Location modifier page. Build where you have proof, clients, or realistic expansion intent.",https://simplufy.com/
552,ai automation agency clearwater fl,Ai Automation Agency in Clearwater FL,Local Commercial,Location,Ai Automation Agency,Clearwater FL,Location Page,Medium,"Location modifier page. Build where you have proof, clients, or realistic expansion intent.",https://simplufy.com/
553,digital marketing agency sarasota fl,Digital Marketing Agency in Sarasota FL,Local Commercial,Location,Digital Marketing Agency,Sarasota FL,Location Page,Medium,"Location modifier page. Build where you have proof, clients, or realistic expansion intent.",https://simplufy.com/
554,website design sarasota fl,Website Design in Sarasota FL,Local Commercial,Location,Website Design,Sarasota FL,Location Page,Medium,"Location modifier page. Build where you have proof, clients, or realistic expansion intent.",https://simplufy.com/
555,seo agency sarasota fl,Seo Agency in Sarasota FL,Local Commercial,Location,Seo Agency,Sarasota FL,Location Page,Medium,"Location modifier page. Build where you have proof, clients, or realistic expansion intent.",https://simplufy.com/
556,google ads agency sarasota fl,Google Ads Agency in Sarasota FL,Local Commercial,Location,Google Ads Agency,Sarasota FL,Location Page,Medium,"Location modifier page. Build where you have proof, clients, or realistic expansion intent.",https://simplufy.com/
557,gohighlevel agency sarasota fl,Gohighlevel Agency in Sarasota FL,Local Commercial,Location,Gohighlevel Agency,Sarasota FL,Location Page,Medium,"Location modifier page. Build where you have proof, clients, or realistic expansion intent.",https://simplufy.com/
558,ai automation agency sarasota fl,Ai Automation Agency in Sarasota FL,Local Commercial,Location,Ai Automation Agency,Sarasota FL,Location Page,Medium,"Location modifier page. Build where you have proof, clients, or realistic expansion intent.",https://simplufy.com/
559,digital marketing agency bradenton fl,Digital Marketing Agency in Bradenton FL,Local Commercial,Location,Digital Marketing Agency,Bradenton FL,Location Page,Medium,"Location modifier page. Build where you have proof, clients, or realistic expansion intent.",https://simplufy.com/
560,website design bradenton fl,Website Design in Bradenton FL,Local Commercial,Location,Website Design,Bradenton FL,Location Page,Medium,"Location modifier page. Build where you have proof, clients, or realistic expansion intent.",https://simplufy.com/
561,seo agency bradenton fl,Seo Agency in Bradenton FL,Local Commercial,Location,Seo Agency,Bradenton FL,Location Page,Medium,"Location modifier page. Build where you have proof, clients, or realistic expansion intent.",https://simplufy.com/
562,google ads agency bradenton fl,Google Ads Agency in Bradenton FL,Local Commercial,Location,Google Ads Agency,Bradenton FL,Location Page,Medium,"Location modifier page. Build where you have proof, clients, or realistic expansion intent.",https://simplufy.com/
563,gohighlevel agency bradenton fl,Gohighlevel Agency in Bradenton FL,Local Commercial,Location,Gohighlevel Agency,Bradenton FL,Location Page,Medium,"Location modifier page. Build where you have proof, clients, or realistic expansion intent.",https://simplufy.com/
564,ai automation agency bradenton fl,Ai Automation Agency in Bradenton FL,Local Commercial,Location,Ai Automation Agency,Bradenton FL,Location Page,Medium,"Location modifier page. Build where you have proof, clients, or realistic expansion intent.",https://simplufy.com/
565,digital marketing agency orlando fl,Digital Marketing Agency in Orlando FL,Local Commercial,Location,Digital Marketing Agency,Orlando FL,Location Page,Medium,"Location modifier page. Build where you have proof, clients, or realistic expansion intent.",https://simplufy.com/
566,website design orlando fl,Website Design in Orlando FL,Local Commercial,Location,Website Design,Orlando FL,Location Page,Medium,"Location modifier page. Build where you have proof, clients, or realistic expansion intent.",https://simplufy.com/
567,seo agency orlando fl,Seo Agency in Orlando FL,Local Commercial,Location,Seo Agency,Orlando FL,Location Page,Medium,"Location modifier page. Build where you have proof, clients, or realistic expansion intent.",https://simplufy.com/
568,google ads agency orlando fl,Google Ads Agency in Orlando FL,Local Commercial,Location,Google Ads Agency,Orlando FL,Location Page,Medium,"Location modifier page. Build where you have proof, clients, or realistic expansion intent.",https://simplufy.com/
569,gohighlevel agency orlando fl,Gohighlevel Agency in Orlando FL,Local Commercial,Location,Gohighlevel Agency,Orlando FL,Location Page,Medium,"Location modifier page. Build where you have proof, clients, or realistic expansion intent.",https://simplufy.com/
570,ai automation agency orlando fl,Ai Automation Agency in Orlando FL,Local Commercial,Location,Ai Automation Agency,Orlando FL,Location Page,Medium,"Location modifier page. Build where you have proof, clients, or realistic expansion intent.",https://simplufy.com/
571,digital marketing agency miami fl,Digital Marketing Agency in Miami FL,Local Commercial,Location,Digital Marketing Agency,Miami FL,Location Page,Medium,"Location modifier page. Build where you have proof, clients, or realistic expansion intent.",https://simplufy.com/
572,website design miami fl,Website Design in Miami FL,Local Commercial,Location,Website Design,Miami FL,Location Page,Medium,"Location modifier page. Build where you have proof, clients, or realistic expansion intent.",https://simplufy.com/
573,seo agency miami fl,Seo Agency in Miami FL,Local Commercial,Location,Seo Agency,Miami FL,Location Page,Medium,"Location modifier page. Build where you have proof, clients, or realistic expansion intent.",https://simplufy.com/
574,google ads agency miami fl,Google Ads Agency in Miami FL,Local Commercial,Location,Google Ads Agency,Miami FL,Location Page,Medium,"Location modifier page. Build where you have proof, clients, or realistic expansion intent.",https://simplufy.com/
575,gohighlevel agency miami fl,Gohighlevel Agency in Miami FL,Local Commercial,Location,Gohighlevel Agency,Miami FL,Location Page,Medium,"Location modifier page. Build where you have proof, clients, or realistic expansion intent.",https://simplufy.com/
576,ai automation agency miami fl,Ai Automation Agency in Miami FL,Local Commercial,Location,Ai Automation Agency,Miami FL,Location Page,Medium,"Location modifier page. Build where you have proof, clients, or realistic expansion intent.",https://simplufy.com/
577,digital marketing agency fort lauderdale fl,Digital Marketing Agency in Fort Lauderdale FL,Local Commercial,Location,Digital Marketing Agency,Fort Lauderdale FL,Location Page,Medium,"Location modifier page. Build where you have proof, clients, or realistic expansion intent.",https://simplufy.com/
578,website design fort lauderdale fl,Website Design in Fort Lauderdale FL,Local Commercial,Location,Website Design,Fort Lauderdale FL,Location Page,Medium,"Location modifier page. Build where you have proof, clients, or realistic expansion intent.",https://simplufy.com/
579,seo agency fort lauderdale fl,Seo Agency in Fort Lauderdale FL,Local Commercial,Location,Seo Agency,Fort Lauderdale FL,Location Page,Medium,"Location modifier page. Build where you have proof, clients, or realistic expansion intent.",https://simplufy.com/
580,google ads agency fort lauderdale fl,Google Ads Agency in Fort Lauderdale FL,Local Commercial,Location,Google Ads Agency,Fort Lauderdale FL,Location Page,Medium,"Location modifier page. Build where you have proof, clients, or realistic expansion intent.",https://simplufy.com/
581,gohighlevel agency fort lauderdale fl,Gohighlevel Agency in Fort Lauderdale FL,Local Commercial,Location,Gohighlevel Agency,Fort Lauderdale FL,Location Page,Medium,"Location modifier page. Build where you have proof, clients, or realistic expansion intent.",https://simplufy.com/
582,ai automation agency fort lauderdale fl,Ai Automation Agency in Fort Lauderdale FL,Local Commercial,Location,Ai Automation Agency,Fort Lauderdale FL,Location Page,Medium,"Location modifier page. Build where you have proof, clients, or realistic expansion intent.",https://simplufy.com/
583,digital marketing agency jacksonville fl,Digital Marketing Agency in Jacksonville FL,Local Commercial,Location,Digital Marketing Agency,Jacksonville FL,Location Page,Medium,"Location modifier page. Build where you have proof, clients, or realistic expansion intent.",https://simplufy.com/
584,website design jacksonville fl,Website Design in Jacksonville FL,Local Commercial,Location,Website Design,Jacksonville FL,Location Page,Medium,"Location modifier page. Build where you have proof, clients, or realistic expansion intent.",https://simplufy.com/
585,seo agency jacksonville fl,Seo Agency in Jacksonville FL,Local Commercial,Location,Seo Agency,Jacksonville FL,Location Page,Medium,"Location modifier page. Build where you have proof, clients, or realistic expansion intent.",https://simplufy.com/
586,google ads agency jacksonville fl,Google Ads Agency in Jacksonville FL,Local Commercial,Location,Google Ads Agency,Jacksonville FL,Location Page,Medium,"Location modifier page. Build where you have proof, clients, or realistic expansion intent.",https://simplufy.com/
587,gohighlevel agency jacksonville fl,Gohighlevel Agency in Jacksonville FL,Local Commercial,Location,Gohighlevel Agency,Jacksonville FL,Location Page,Medium,"Location modifier page. Build where you have proof, clients, or realistic expansion intent.",https://simplufy.com/
588,ai automation agency jacksonville fl,Ai Automation Agency in Jacksonville FL,Local Commercial,Location,Ai Automation Agency,Jacksonville FL,Location Page,Medium,"Location modifier page. Build where you have proof, clients, or realistic expansion intent.",https://simplufy.com/
589,digital marketing agency naples fl,Digital Marketing Agency in Naples FL,Local Commercial,Location,Digital Marketing Agency,Naples FL,Location Page,Medium,"Location modifier page. Build where you have proof, clients, or realistic expansion intent.",https://simplufy.com/
590,website design naples fl,Website Design in Naples FL,Local Commercial,Location,Website Design,Naples FL,Location Page,Medium,"Location modifier page. Build where you have proof, clients, or realistic expansion intent.",https://simplufy.com/
591,seo agency naples fl,Seo Agency in Naples FL,Local Commercial,Location,Seo Agency,Naples FL,Location Page,Medium,"Location modifier page. Build where you have proof, clients, or realistic expansion intent.",https://simplufy.com/
592,google ads agency naples fl,Google Ads Agency in Naples FL,Local Commercial,Location,Google Ads Agency,Naples FL,Location Page,Medium,"Location modifier page. Build where you have proof, clients, or realistic expansion intent.",https://simplufy.com/
593,gohighlevel agency naples fl,Gohighlevel Agency in Naples FL,Local Commercial,Location,Gohighlevel Agency,Naples FL,Location Page,Medium,"Location modifier page. Build where you have proof, clients, or realistic expansion intent.",https://simplufy.com/
594,ai automation agency naples fl,Ai Automation Agency in Naples FL,Local Commercial,Location,Ai Automation Agency,Naples FL,Location Page,Medium,"Location modifier page. Build where you have proof, clients, or realistic expansion intent.",https://simplufy.com/
595,digital marketing agency fort myers fl,Digital Marketing Agency in Fort Myers FL,Local Commercial,Location,Digital Marketing Agency,Fort Myers FL,Location Page,Medium,"Location modifier page. Build where you have proof, clients, or realistic expansion intent.",https://simplufy.com/
596,website design fort myers fl,Website Design in Fort Myers FL,Local Commercial,Location,Website Design,Fort Myers FL,Location Page,Medium,"Location modifier page. Build where you have proof, clients, or realistic expansion intent.",https://simplufy.com/
597,seo agency fort myers fl,Seo Agency in Fort Myers FL,Local Commercial,Location,Seo Agency,Fort Myers FL,Location Page,Medium,"Location modifier page. Build where you have proof, clients, or realistic expansion intent.",https://simplufy.com/
598,google ads agency fort myers fl,Google Ads Agency in Fort Myers FL,Local Commercial,Location,Google Ads Agency,Fort Myers FL,Location Page,Medium,"Location modifier page. Build where you have proof, clients, or realistic expansion intent.",https://simplufy.com/
599,gohighlevel agency fort myers fl,Gohighlevel Agency in Fort Myers FL,Local Commercial,Location,Gohighlevel Agency,Fort Myers FL,Location Page,Medium,"Location modifier page. Build where you have proof, clients, or realistic expansion intent.",https://simplufy.com/
600,ai automation agency fort myers fl,Ai Automation Agency in Fort Myers FL,Local Commercial,Location,Ai Automation Agency,Fort Myers FL,Location Page,Medium,"Location modifier page. Build where you have proof, clients, or realistic expansion intent.",https://simplufy.com/
601,digital marketing agency columbus oh,Digital Marketing Agency in Columbus OH,Local Commercial,Location,Digital Marketing Agency,Columbus OH,Location Page,Medium,"Location modifier page. Build where you have proof, clients, or realistic expansion intent.",https://simplufy.com/
602,website design columbus oh,Website Design in Columbus OH,Local Commercial,Location,Website Design,Columbus OH,Location Page,Medium,"Location modifier page. Build where you have proof, clients, or realistic expansion intent.",https://simplufy.com/
603,seo agency columbus oh,Seo Agency in Columbus OH,Local Commercial,Location,Seo Agency,Columbus OH,Location Page,Medium,"Location modifier page. Build where you have proof, clients, or realistic expansion intent.",https://simplufy.com/
604,google ads agency columbus oh,Google Ads Agency in Columbus OH,Local Commercial,Location,Google Ads Agency,Columbus OH,Location Page,Medium,"Location modifier page. Build where you have proof, clients, or realistic expansion intent.",https://simplufy.com/
605,gohighlevel agency columbus oh,Gohighlevel Agency in Columbus OH,Local Commercial,Location,Gohighlevel Agency,Columbus OH,Location Page,Medium,"Location modifier page. Build where you have proof, clients, or realistic expansion intent.",https://simplufy.com/
606,ai automation agency columbus oh,Ai Automation Agency in Columbus OH,Local Commercial,Location,Ai Automation Agency,Columbus OH,Location Page,Medium,"Location modifier page. Build where you have proof, clients, or realistic expansion intent.",https://simplufy.com/
607,digital marketing agency cleveland oh,Digital Marketing Agency in Cleveland OH,Local Commercial,Location,Digital Marketing Agency,Cleveland OH,Location Page,Medium,"Location modifier page. Build where you have proof, clients, or realistic expansion intent.",https://simplufy.com/
608,website design cleveland oh,Website Design in Cleveland OH,Local Commercial,Location,Website Design,Cleveland OH,Location Page,Medium,"Location modifier page. Build where you have proof, clients, or realistic expansion intent.",https://simplufy.com/
609,seo agency cleveland oh,Seo Agency in Cleveland OH,Local Commercial,Location,Seo Agency,Cleveland OH,Location Page,Medium,"Location modifier page. Build where you have proof, clients, or realistic expansion intent.",https://simplufy.com/
610,google ads agency cleveland oh,Google Ads Agency in Cleveland OH,Local Commercial,Location,Google Ads Agency,Cleveland OH,Location Page,Medium,"Location modifier page. Build where you have proof, clients, or realistic expansion intent.",https://simplufy.com/
611,gohighlevel agency cleveland oh,Gohighlevel Agency in Cleveland OH,Local Commercial,Location,Gohighlevel Agency,Cleveland OH,Location Page,Medium,"Location modifier page. Build where you have proof, clients, or realistic expansion intent.",https://simplufy.com/
612,ai automation agency cleveland oh,Ai Automation Agency in Cleveland OH,Local Commercial,Location,Ai Automation Agency,Cleveland OH,Location Page,Medium,"Location modifier page. Build where you have proof, clients, or realistic expansion intent.",https://simplufy.com/
613,digital marketing agency akron oh,Digital Marketing Agency in Akron OH,Local Commercial,Location,Digital Marketing Agency,Akron OH,Location Page,Medium,"Location modifier page. Build where you have proof, clients, or realistic expansion intent.",https://simplufy.com/
614,website design akron oh,Website Design in Akron OH,Local Commercial,Location,Website Design,Akron OH,Location Page,Medium,"Location modifier page. Build where you have proof, clients, or realistic expansion intent.",https://simplufy.com/
615,seo agency akron oh,Seo Agency in Akron OH,Local Commercial,Location,Seo Agency,Akron OH,Location Page,Medium,"Location modifier page. Build where you have proof, clients, or realistic expansion intent.",https://simplufy.com/
616,google ads agency akron oh,Google Ads Agency in Akron OH,Local Commercial,Location,Google Ads Agency,Akron OH,Location Page,Medium,"Location modifier page. Build where you have proof, clients, or realistic expansion intent.",https://simplufy.com/
617,gohighlevel agency akron oh,Gohighlevel Agency in Akron OH,Local Commercial,Location,Gohighlevel Agency,Akron OH,Location Page,Medium,"Location modifier page. Build where you have proof, clients, or realistic expansion intent.",https://simplufy.com/
618,ai automation agency akron oh,Ai Automation Agency in Akron OH,Local Commercial,Location,Ai Automation Agency,Akron OH,Location Page,Medium,"Location modifier page. Build where you have proof, clients, or realistic expansion intent.",https://simplufy.com/
619,digital marketing agency canton oh,Digital Marketing Agency in Canton OH,Local Commercial,Location,Digital Marketing Agency,Canton OH,Location Page,Medium,"Location modifier page. Build where you have proof, clients, or realistic expansion intent.",https://simplufy.com/
620,website design canton oh,Website Design in Canton OH,Local Commercial,Location,Website Design,Canton OH,Location Page,Medium,"Location modifier page. Build where you have proof, clients, or realistic expansion intent.",https://simplufy.com/
621,seo agency canton oh,Seo Agency in Canton OH,Local Commercial,Location,Seo Agency,Canton OH,Location Page,Medium,"Location modifier page. Build where you have proof, clients, or realistic expansion intent.",https://simplufy.com/
622,google ads agency canton oh,Google Ads Agency in Canton OH,Local Commercial,Location,Google Ads Agency,Canton OH,Location Page,Medium,"Location modifier page. Build where you have proof, clients, or realistic expansion intent.",https://simplufy.com/
623,gohighlevel agency canton oh,Gohighlevel Agency in Canton OH,Local Commercial,Location,Gohighlevel Agency,Canton OH,Location Page,Medium,"Location modifier page. Build where you have proof, clients, or realistic expansion intent.",https://simplufy.com/
624,ai automation agency canton oh,Ai Automation Agency in Canton OH,Local Commercial,Location,Ai Automation Agency,Canton OH,Location Page,Medium,"Location modifier page. Build where you have proof, clients, or realistic expansion intent.",https://simplufy.com/
625,digital marketing agency jackson wy,Digital Marketing Agency in Jackson WY,Local Commercial,Location,Digital Marketing Agency,Jackson WY,Location Page,Medium,"Location modifier page. Build where you have proof, clients, or realistic expansion intent.",https://simplufy.com/
626,website design jackson wy,Website Design in Jackson WY,Local Commercial,Location,Website Design,Jackson WY,Location Page,Medium,"Location modifier page. Build where you have proof, clients, or realistic expansion intent.",https://simplufy.com/
627,seo agency jackson wy,Seo Agency in Jackson WY,Local Commercial,Location,Seo Agency,Jackson WY,Location Page,Medium,"Location modifier page. Build where you have proof, clients, or realistic expansion intent.",https://simplufy.com/
628,google ads agency jackson wy,Google Ads Agency in Jackson WY,Local Commercial,Location,Google Ads Agency,Jackson WY,Location Page,Medium,"Location modifier page. Build where you have proof, clients, or realistic expansion intent.",https://simplufy.com/
629,gohighlevel agency jackson wy,Gohighlevel Agency in Jackson WY,Local Commercial,Location,Gohighlevel Agency,Jackson WY,Location Page,Medium,"Location modifier page. Build where you have proof, clients, or realistic expansion intent.",https://simplufy.com/
630,ai automation agency jackson wy,Ai Automation Agency in Jackson WY,Local Commercial,Location,Ai Automation Agency,Jackson WY,Location Page,Medium,"Location modifier page. Build where you have proof, clients, or realistic expansion intent.",https://simplufy.com/
631,digital marketing agency nashville tn,Digital Marketing Agency in Nashville TN,Local Commercial,Location,Digital Marketing Agency,Nashville TN,Location Page,Medium,"Location modifier page. Build where you have proof, clients, or realistic expansion intent.",https://simplufy.com/
632,website design nashville tn,Website Design in Nashville TN,Local Commercial,Location,Website Design,Nashville TN,Location Page,Medium,"Location modifier page. Build where you have proof, clients, or realistic expansion intent.",https://simplufy.com/
633,seo agency nashville tn,Seo Agency in Nashville TN,Local Commercial,Location,Seo Agency,Nashville TN,Location Page,Medium,"Location modifier page. Build where you have proof, clients, or realistic expansion intent.",https://simplufy.com/
634,google ads agency nashville tn,Google Ads Agency in Nashville TN,Local Commercial,Location,Google Ads Agency,Nashville TN,Location Page,Medium,"Location modifier page. Build where you have proof, clients, or realistic expansion intent.",https://simplufy.com/
635,gohighlevel agency nashville tn,Gohighlevel Agency in Nashville TN,Local Commercial,Location,Gohighlevel Agency,Nashville TN,Location Page,Medium,"Location modifier page. Build where you have proof, clients, or realistic expansion intent.",https://simplufy.com/
636,ai automation agency nashville tn,Ai Automation Agency in Nashville TN,Local Commercial,Location,Ai Automation Agency,Nashville TN,Location Page,Medium,"Location modifier page. Build where you have proof, clients, or realistic expansion intent.",https://simplufy.com/
637,digital marketing agency charlotte nc,Digital Marketing Agency in Charlotte NC,Local Commercial,Location,Digital Marketing Agency,Charlotte NC,Location Page,Medium,"Location modifier page. Build where you have proof, clients, or realistic expansion intent.",https://simplufy.com/
638,website design charlotte nc,Website Design in Charlotte NC,Local Commercial,Location,Website Design,Charlotte NC,Location Page,Medium,"Location modifier page. Build where you have proof, clients, or realistic expansion intent.",https://simplufy.com/
639,seo agency charlotte nc,Seo Agency in Charlotte NC,Local Commercial,Location,Seo Agency,Charlotte NC,Location Page,Medium,"Location modifier page. Build where you have proof, clients, or realistic expansion intent.",https://simplufy.com/
640,google ads agency charlotte nc,Google Ads Agency in Charlotte NC,Local Commercial,Location,Google Ads Agency,Charlotte NC,Location Page,Medium,"Location modifier page. Build where you have proof, clients, or realistic expansion intent.",https://simplufy.com/
641,gohighlevel agency charlotte nc,Gohighlevel Agency in Charlotte NC,Local Commercial,Location,Gohighlevel Agency,Charlotte NC,Location Page,Medium,"Location modifier page. Build where you have proof, clients, or realistic expansion intent.",https://simplufy.com/
642,ai automation agency charlotte nc,Ai Automation Agency in Charlotte NC,Local Commercial,Location,Ai Automation Agency,Charlotte NC,Location Page,Medium,"Location modifier page. Build where you have proof, clients, or realistic expansion intent.",https://simplufy.com/
643,digital marketing agency atlanta ga,Digital Marketing Agency in Atlanta GA,Local Commercial,Location,Digital Marketing Agency,Atlanta GA,Location Page,Medium,"Location modifier page. Build where you have proof, clients, or realistic expansion intent.",https://simplufy.com/
644,website design atlanta ga,Website Design in Atlanta GA,Local Commercial,Location,Website Design,Atlanta GA,Location Page,Medium,"Location modifier page. Build where you have proof, clients, or realistic expansion intent.",https://simplufy.com/
645,seo agency atlanta ga,Seo Agency in Atlanta GA,Local Commercial,Location,Seo Agency,Atlanta GA,Location Page,Medium,"Location modifier page. Build where you have proof, clients, or realistic expansion intent.",https://simplufy.com/
646,google ads agency atlanta ga,Google Ads Agency in Atlanta GA,Local Commercial,Location,Google Ads Agency,Atlanta GA,Location Page,Medium,"Location modifier page. Build where you have proof, clients, or realistic expansion intent.",https://simplufy.com/
647,gohighlevel agency atlanta ga,Gohighlevel Agency in Atlanta GA,Local Commercial,Location,Gohighlevel Agency,Atlanta GA,Location Page,Medium,"Location modifier page. Build where you have proof, clients, or realistic expansion intent.",https://simplufy.com/
648,ai automation agency atlanta ga,Ai Automation Agency in Atlanta GA,Local Commercial,Location,Ai Automation Agency,Atlanta GA,Location Page,Medium,"Location modifier page. Build where you have proof, clients, or realistic expansion intent.",https://simplufy.com/
649,digital marketing agency dallas tx,Digital Marketing Agency in Dallas TX,Local Commercial,Location,Digital Marketing Agency,Dallas TX,Location Page,Medium,"Location modifier page. Build where you have proof, clients, or realistic expansion intent.",https://simplufy.com/
650,website design dallas tx,Website Design in Dallas TX,Local Commercial,Location,Website Design,Dallas TX,Location Page,Medium,"Location modifier page. Build where you have proof, clients, or realistic expansion intent.",https://simplufy.com/
651,seo agency dallas tx,Seo Agency in Dallas TX,Local Commercial,Location,Seo Agency,Dallas TX,Location Page,Medium,"Location modifier page. Build where you have proof, clients, or realistic expansion intent.",https://simplufy.com/
652,google ads agency dallas tx,Google Ads Agency in Dallas TX,Local Commercial,Location,Google Ads Agency,Dallas TX,Location Page,Medium,"Location modifier page. Build where you have proof, clients, or realistic expansion intent.",https://simplufy.com/
653,gohighlevel agency dallas tx,Gohighlevel Agency in Dallas TX,Local Commercial,Location,Gohighlevel Agency,Dallas TX,Location Page,Medium,"Location modifier page. Build where you have proof, clients, or realistic expansion intent.",https://simplufy.com/
654,ai automation agency dallas tx,Ai Automation Agency in Dallas TX,Local Commercial,Location,Ai Automation Agency,Dallas TX,Location Page,Medium,"Location modifier page. Build where you have proof, clients, or realistic expansion intent.",https://simplufy.com/
