keyword,recommended_simplufy_url,recommended_page_type,top5_fetched_pages,target_word_count_avg,target_word_count_median,target_internal_links,target_external_links,competitors_with_faq_pct,competitors_with_cost_pricing_pct,competitors_with_proof_pct,competitors_with_process_pct,required_sections,top5_domains,action
AI appointment booking automation,/resources/ai-appointment-booking-automation/,listicle/comparison guide,4,3417,2722,172,32,100,100,100,75,cost/pricing factors | FAQ with schema | process/how-it-works | proof/results/case study callouts | buyer-intent intro | comparison/decision criteria | Simplufy CTA and internal links,trtc.io | myaifrontdesk.com | taskade.com | cekura.ai | voiceflow.com,Build this as a unique page cluster target; avoid templated copy; use industry/service-specific examples and link to relevant Simplufy case studies.
AI automation for service businesses,/resources/ai-automation-for-service-businesses/,listicle/comparison guide,5,5363,5848,113,19,80,100,100,100,cost/pricing factors | FAQ with schema | process/how-it-works | proof/results/case study callouts | buyer-intent intro | comparison/decision criteria | Simplufy CTA and internal links,codeless.co | kpmg.com | ekipa.ai | apptunix.com | influencermarketinghub.com,Build this as a unique page cluster target; avoid templated copy; use industry/service-specific examples and link to relevant Simplufy case studies.
B2B lead generation agency,/services/b2b-lead-generation-agency/,commercial service landing page,5,3490,2711,56,28,60,100,100,100,cost/pricing factors | FAQ with schema | process/how-it-works | proof/results/case study callouts | buyer-intent intro | comparison/decision criteria | Simplufy CTA and internal links,leadium.com | saleshive.com | sequenzy.com | callboxinc.com | expandi.io,Build this as a unique page cluster target; avoid templated copy; use industry/service-specific examples and link to relevant Simplufy case studies.
CRM automation for service businesses,/resources/crm-automation-for-service-businesses/,listicle/comparison guide,5,3827,3830,76,25,80,100,100,100,cost/pricing factors | FAQ with schema | process/how-it-works | proof/results/case study callouts | buyer-intent intro | comparison/decision criteria | Simplufy CTA and internal links,bigcontacts.com | monday.com | softr.io | close.com | capsulecrm.com,Build this as a unique page cluster target; avoid templated copy; use industry/service-specific examples and link to relevant Simplufy case studies.
CRM for auto detailing business,/resources/crm-for-auto-detailing-business/,listicle/comparison guide,5,932,554,15,5,40,80,60,60,cost/pricing factors | process/how-it-works | buyer-intent intro | comparison/decision criteria | Simplufy CTA and internal links,groundedgroup.com | getautodetailingcrm.com | orbisx.com | swirlcrm.com | mydetailerpro.com,Build this as a unique page cluster target; avoid templated copy; use industry/service-specific examples and link to relevant Simplufy case studies.
Facebook Ads for service businesses,/resources/facebook-ads-for-service-businesses/,listicle/comparison guide,4,3123,2706,46,7,50,100,100,100,cost/pricing factors | process/how-it-works | proof/results/case study callouts | buyer-intent intro | comparison/decision criteria | Simplufy CTA and internal links,schedulingkit.com | business.facebook.com | surchdigital.com | dndseoservices.com | clicksgeek.com,Build this as a unique page cluster target; avoid templated copy; use industry/service-specific examples and link to relevant Simplufy case studies.
GoHighLevel setup services,/services/gohighlevel-setup-services/,commercial service landing page,5,2659,1909,26,4,100,80,100,100,cost/pricing factors | FAQ with schema | process/how-it-works | proof/results/case study callouts | buyer-intent intro | comparison/decision criteria | Simplufy CTA and internal links,help.gohighlevel.com | ghl.services | autoesta.com | ghlhero.com | getautomized.com,Build this as a unique page cluster target; avoid templated copy; use industry/service-specific examples and link to relevant Simplufy case studies.
Google Ads for auto detailing,/resources/google-ads-for-auto-detailing/,listicle/comparison guide,4,3055,3116,45,18,75,100,100,100,cost/pricing factors | FAQ with schema | process/how-it-works | proof/results/case study callouts | buyer-intent intro | comparison/decision criteria | Simplufy CTA and internal links,detailersmovement.com | mediaspearhead.com | ads.google.com | youtube.com | sona.com,Build this as a unique page cluster target; avoid templated copy; use industry/service-specific examples and link to relevant Simplufy case studies.
Google Ads for contractors,/resources/google-ads-for-contractors/,listicle/comparison guide,4,2891,2426,28,8,50,100,100,100,cost/pricing factors | process/how-it-works | proof/results/case study callouts | buyer-intent intro | comparison/decision criteria | Simplufy CTA and internal links,improveandgrow.com | linkedin.com | clicksgeek.com | support.google.com | workzen.io,Build this as a unique page cluster target; avoid templated copy; use industry/service-specific examples and link to relevant Simplufy case studies.
Google Local Service Ads management,/services/google-local-service-ads-management/,listicle/comparison guide,5,3203,3292,57,20,60,100,100,100,cost/pricing factors | FAQ with schema | process/how-it-works | proof/results/case study callouts | buyer-intent intro | comparison/decision criteria | Simplufy CTA and internal links,ads.google.com | peertopeermarketing.co | wordstream.com | oneupweb.com | lineardesign.com,Build this as a unique page cluster target; avoid templated copy; use industry/service-specific examples and link to relevant Simplufy case studies.
SEO AEO GEO services,/services/seo-aeo-geo-services/,listicle/comparison guide,5,3633,3530,97,30,100,80,100,100,cost/pricing factors | FAQ with schema | process/how-it-works | proof/results/case study callouts | buyer-intent intro | comparison/decision criteria | Simplufy CTA and internal links,mo.agency | searchenginepeople.com | searchable.com | digitalagencynetwork.com | blog.hubspot.com,Build this as a unique page cluster target; avoid templated copy; use industry/service-specific examples and link to relevant Simplufy case studies.
SEO for auto detailing,/resources/seo-for-auto-detailing/,listicle/comparison guide,5,2796,2715,41,11,80,80,100,100,cost/pricing factors | FAQ with schema | process/how-it-works | proof/results/case study callouts | buyer-intent intro | comparison/decision criteria | Simplufy CTA and internal links,groundedgroup.com | clicksgeek.com | detailersmovement.com | plerdy.com | autodetailingseo.com,Build this as a unique page cluster target; avoid templated copy; use industry/service-specific examples and link to relevant Simplufy case studies.
answer engine optimization services,/services/answer-engine-optimization-services/,commercial service landing page,5,3309,3357,81,9,80,100,100,100,cost/pricing factors | FAQ with schema | process/how-it-works | proof/results/case study callouts | buyer-intent intro | comparison/decision criteria | Simplufy CTA and internal links,elsner.com | answerengineoptimizationservices.com | victorious.com | modernmarketingpartners.com | thesiliconreview.com,Build this as a unique page cluster target; avoid templated copy; use industry/service-specific examples and link to relevant Simplufy case studies.
auto detailing marketing agency,/services/auto-detailing-marketing-agency/,commercial service landing page,4,1057,810,28,3,75,75,75,100,cost/pricing factors | FAQ with schema | process/how-it-works | proof/results/case study callouts | buyer-intent intro | comparison/decision criteria | Simplufy CTA and internal links,savogroup.com | groundedgroup.com | upshift-auto.net | autopulsemedia.co | detailinggrowth.com,Build this as a unique page cluster target; avoid templated copy; use industry/service-specific examples and link to relevant Simplufy case studies.
ceramic coating lead generation,/resources/ceramic-coating-lead-generation/,blog/educational guide,5,1400,1397,7,6,20,80,100,80,cost/pricing factors | process/how-it-works | proof/results/case study callouts | buyer-intent intro | comparison/decision criteria | Simplufy CTA and internal links,vezzlemedia.com | yugmarketing.com | partpixelads.com | campaignlabsagency.net | cardetailingmarketing.com,Build this as a unique page cluster target; avoid templated copy; use industry/service-specific examples and link to relevant Simplufy case studies.
contractor marketing agency,/services/contractor-marketing-agency/,commercial service landing page,5,1874,1758,41,13,60,100,100,100,cost/pricing factors | FAQ with schema | process/how-it-works | proof/results/case study callouts | buyer-intent intro | comparison/decision criteria | Simplufy CTA and internal links,contractorrhino.com | reddoormarketingco.com | contractormarketingpros.net | magnetamarketing.com | leads4build.com,Build this as a unique page cluster target; avoid templated copy; use industry/service-specific examples and link to relevant Simplufy case studies.
local SEO for contractors,/resources/local-seo-for-contractors/,listicle/comparison guide,4,2546,2223,56,8,100,75,100,100,cost/pricing factors | FAQ with schema | process/how-it-works | proof/results/case study callouts | buyer-intent intro | comparison/decision criteria | Simplufy CTA and internal links,topbrandingaltimeter.com | gomarketing.com | stigmare.com | rankpill.com | theedigital.com,Build this as a unique page cluster target; avoid templated copy; use industry/service-specific examples and link to relevant Simplufy case studies.
med spa marketing agency,/services/med-spa-marketing-agency/,listicle/comparison guide,5,1628,1225,18,7,60,60,100,100,cost/pricing factors | FAQ with schema | process/how-it-works | proof/results/case study callouts | buyer-intent intro | comparison/decision criteria | Simplufy CTA and internal links,themedspasociety.com | medspaagency.com | themedspaagency.com | medspamagicmarketing.com | doctorlogic.com,Build this as a unique page cluster target; avoid templated copy; use industry/service-specific examples and link to relevant Simplufy case studies.
web design for auto detailers,/services/web-design-for-auto-detailers/,commercial service landing page,4,3344,3394,340,22,50,100,100,50,cost/pricing factors | process/how-it-works | proof/results/case study callouts | buyer-intent intro | comparison/decision criteria | Simplufy CTA and internal links,themeforest.net | uicookies.com | detailking.com | anytimedigitalmarketing.com | mycleverai.com,Build this as a unique page cluster target; avoid templated copy; use industry/service-specific examples and link to relevant Simplufy case studies.
website design for service businesses,/resources/website-design-for-service-businesses/,listicle/comparison guide,5,2659,2937,90,27,40,80,100,100,cost/pricing factors | process/how-it-works | proof/results/case study callouts | buyer-intent intro | comparison/decision criteria | Simplufy CTA and internal links,wix.com | founderjar.com | sitebuilderreport.com | colorlib.com | 99designs.com,Build this as a unique page cluster target; avoid templated copy; use industry/service-specific examples and link to relevant Simplufy case studies.
