keyword,position,url,domain,page_title,page_type,word_count_est,ranking_signals
web design for auto detailers,1,https://themeforest.net/search/auto%20detailing,themeforest.net,Auto Detailing Website Templates - ThemeForest,unfetched SERP result,0,SERP title/domain relevance; fetch blocked or timed out
web design for auto detailers,2,https://uicookies.com/auto-detailing-website-template/,uicookies.com,20 Best Auto Detailing Website Template 2026 - uiCookies,service landing page,2695,substantial long-form content; clear H2 structure; pricing/cost intent coverage; strong CTA; industry-specific positioning
web design for auto detailers,3,https://www.detailking.com/products/custom-auto-detailing-website-development-package,detailking.com,""" Auto Detailing Website Design & Hosting Activation Kit """,agency landing page,1838,substantial long-form content; clear H2 structure; proof/results language; pricing/cost intent coverage; FAQ coverage
web design for auto detailers,4,https://anytimedigitalmarketing.com/2024/03/18/20-best-auto-detailing-website-designs/,anytimedigitalmarketing.com,20 Best Auto Detailing Website Designs - Anytime Digital Marketing Accessibility Tools Increase Text Decrease Text Grayscale High Contrast Negative Contrast Light Background Links ,service landing page,3843,substantial long-form content; clear H2 structure; proof/results language; pricing/cost intent coverage; FAQ coverage
web design for auto detailers,5,https://mycleverai.com/car-detailing-website-design,mycleverai.com,Car Detailing Website Design - Professional Auto Detailing & Vehicle Care Website Design Services,service landing page,4593,substantial long-form content; clear H2 structure; proof/results language; pricing/cost intent coverage; strong CTA
web design for auto detailers,6,https://www.designdetail.io/car-detailing-website-design,designdetail.io,Car Detailing Website Design | Design Detail | Design Detail,blog/guide,881,clear H2 structure; proof/results language; pricing/cost intent coverage; strong CTA
web design for auto detailers,7,https://www.design.com/website-builder/tag/auto-detailing,design.com,Auto Detailing Websites | Instantly Create an Auto Detailing Website | Design.com Search Search Search Search Search Search Search Search Search Search Search Search Search Search ,mixed/commercial page,1134,substantial long-form content; pricing/cost intent coverage; industry-specific positioning
web design for auto detailers,8,https://dribbble.com/tags/car-detailing,dribbble.com,"Car Detailing designs, themes, templates and downloadable graphic ...",mixed/commercial page,0,domain authority or exact-match relevance likely
auto detailing marketing agency,1,https://savogroup.com/auto-service-marketing/auto-detailers/,savogroup.com,"Auto Detailing Marketing Agency | SEO, Web Design & PPC for Detailers | Savo Group",service landing page,2170,substantial long-form content; clear H2 structure; proof/results language; pricing/cost intent coverage; FAQ coverage
auto detailing marketing agency,2,https://groundedgroup.com/,groundedgroup.com,Design & Digital Marketing for Auto Detailing Businesses,SaaS/product page,1056,substantial long-form content; clear H2 structure; proof/results language; pricing/cost intent coverage; strong CTA
auto detailing marketing agency,3,https://www.upshift-auto.net/,upshift-auto.net,Upshift | Auto Detailing Marketing Agency,agency landing page,274,FAQ coverage; strong CTA; industry-specific positioning
auto detailing marketing agency,4,https://autopulsemedia.co/,autopulsemedia.co,Car Detailing Marketing Agency | AutoPulseMedia,SaaS/product page,333,clear H2 structure; proof/results language; pricing/cost intent coverage; FAQ coverage; strong CTA
auto detailing marketing agency,5,https://detailinggrowth.com/,detailinggrowth.com,"Home - Detailing Growth - Digital Marketing for Auto Detailers, Window Tinters & Paint Protection Film Shops",blog/guide,1480,substantial long-form content; clear H2 structure; proof/results language; pricing/cost intent coverage; strong CTA
auto detailing marketing agency,6,https://www.forcemktg.com/,forcemktg.com,ForceMarketing.com - Force Marketing Meet The Force Stack,agency landing page,839,clear H2 structure; proof/results language; strong CTA
auto detailing marketing agency,7,https://www.facebook.com/detailingbusinessgrowth/,facebook.com,Detailing Growth - Marketing &amp; Growth Agency for Detailers - Facebook,unfetched SERP result,0,SERP title/domain relevance; fetch blocked or timed out
auto detailing marketing agency,8,https://thedetailscale.com/,thedetailscale.com,"Detail Scale – SEO, Google Ads & Web Design for Auto Detailers & Tint Shops",SaaS/product page,1478,substantial long-form content; clear H2 structure; proof/results language; pricing/cost intent coverage; strong CTA
Google Ads for auto detailing,1,https://www.detailersmovement.com/google-ads-for-auto-detailers-ppf-installers-tint-shops-wrap-businesses-how-to-get-leads-on-demand/,detailersmovement.com,"Google Ads for Auto Detailers, PPF Installers, Tint & Wrap Shops: Get Leads on Demand",listicle/guide,1379,substantial long-form content; clear H2 structure; proof/results language; pricing/cost intent coverage; FAQ coverage
Google Ads for auto detailing,2,https://mediaspearhead.com/blog/auto-detailing-marketing/,mediaspearhead.com,Auto Detailing Marketing: Google Ads + SEO That Fill Your Schedule | Blog | Media Spearhead,listicle/guide,2703,substantial long-form content; clear H2 structure; proof/results language; pricing/cost intent coverage; FAQ coverage
Google Ads for auto detailing,3,https://ads.google.com/intl/en_us/intl/en_us/home/local-services-ads/,ads.google.com,Reach Local Customers with Local Service Ads - Google Ads,service landing page,2755,substantial long-form content; clear H2 structure; proof/results language; pricing/cost intent coverage; strong CTA
Google Ads for auto detailing,4,https://www.youtube.com/watch?v=jG8lxpk04ZE,youtube.com,How I Run Google Ads for Car Detailing in 2026 (WHAT’S WORKING NOW) - YouTube,agency landing page,26,domain authority or exact-match relevance likely
Google Ads for auto detailing,5,https://www.sona.com/blog/google-ads-for-auto-detailing-step-by-step,sona.com,Google Ads for Auto Detailing: A Comprehensive Setup Guide | Sona,listicle/guide,4247,substantial long-form content; clear H2 structure; proof/results language; pricing/cost intent coverage; FAQ coverage
Google Ads for auto detailing,6,https://www.housecallpro.com/resources/car-auto-detailing-advertising-ads/,housecallpro.com,16+ Car & Auto Detailing Advertising Ideas to Get More Customers Navigation,blog/guide,3951,substantial long-form content; clear H2 structure; proof/results language; pricing/cost intent coverage; strong CTA
Google Ads for auto detailing,7,https://www.detailpro.tech/blog/car-detailing-google-ads,detailpro.tech,Car Detailing Google Ads: What a Real Account Setup Looks Like (And Why Agencies Get It Wrong) | DetailPro,listicle/guide,2188,substantial long-form content; clear H2 structure; proof/results language; pricing/cost intent coverage; FAQ coverage
Google Ads for auto detailing,8,https://resourcehubmedia.com/for-mobile-detailers,resourcehubmedia.com,Mobile Car Detailing Marketing & Google Ads Specialists,service landing page,670,clear H2 structure; proof/results language; pricing/cost intent coverage; FAQ coverage; strong CTA
SEO for auto detailing,1,https://groundedgroup.com/best-auto-detailing-seo/,groundedgroup.com,7 Best Auto Detailing SEO Strategies That Actually Work,listicle/guide,3509,substantial long-form content; clear H2 structure; proof/results language; pricing/cost intent coverage; FAQ coverage
SEO for auto detailing,2,https://clicksgeek.com/auto-detailing-seo/,clicksgeek.com,Auto Detailing SEO: Your Guide to Ranking Higher | Clicks Geek,listicle/guide,4581,substantial long-form content; clear H2 structure; proof/results language; pricing/cost intent coverage; FAQ coverage
SEO for auto detailing,3,https://www.detailersmovement.com/local-seo-for-auto-detailers-how-to-rank-higher-on-google/,detailersmovement.com,Local SEO for Auto Detailers: How to Rank Higher on Google and Maps,blog/guide,1305,substantial long-form content; clear H2 structure; proof/results language; FAQ coverage; strong CTA
SEO for auto detailing,4,https://www.plerdy.com/blog/seo-for-auto-detailers/,plerdy.com,SEO For Auto Detailers: How to Rank For Car Detailing – Plerdy,listicle/guide,2532,substantial long-form content; clear H2 structure; proof/results language; pricing/cost intent coverage; FAQ coverage
SEO for auto detailing,5,https://autodetailingseo.com/,autodetailingseo.com,The #1 Auto Detailing SEO - Double Your Leads in 90 Days WP Test - How We Work,service landing page,1151,substantial long-form content; clear H2 structure; proof/results language; strong CTA; covers full acquisition system
SEO for auto detailing,6,https://www.ranktracker.com/blog/car-detailing-seo/,ranktracker.com,Car Detailing SEO: Rank Higher and Attract More Vehicle Owners,listicle/guide,1160,substantial long-form content; clear H2 structure; proof/results language; pricing/cost intent coverage; strong CTA
SEO for auto detailing,7,https://www.detailersroadmap.com/8-tips-to-make-your-auto-detailing-website-rank-first-on-google,detailersroadmap.com,8 Tips to Make Your Auto Detailing Website Rank First on Google request-appointmnet,listicle/guide,1318,substantial long-form content; clear H2 structure; proof/results language; pricing/cost intent coverage; FAQ coverage
SEO for auto detailing,8,https://autoseoagency.com/top-auto-detailing-seo-strategies-to-get-more-clients-in-2025/,autoseoagency.com,Top Auto Detailing SEO Strategies to Get More Clients in 2025 - Automotive SEO,agency landing page,1224,substantial long-form content; clear H2 structure; proof/results language; pricing/cost intent coverage; strong CTA
CRM for auto detailing business,1,https://groundedgroup.com/best-crms-for-auto-detailing-shops/,groundedgroup.com,10 Best CRMs for Auto Detailing Shops,listicle/guide,2080,substantial long-form content; clear H2 structure; proof/results language; pricing/cost intent coverage; FAQ coverage
CRM for auto detailing business,2,https://getautodetailingcrm.com/,getautodetailingcrm.com,Auto Detailing CRM - Manage Your Business,SaaS/product page,304,proof/results language; pricing/cost intent coverage; strong CTA
CRM for auto detailing business,3,https://orbisx.com/,orbisx.com,OrbisX: Powerful CRM Software for Automotive Detailers & Tinters,local landing page,1461,substantial long-form content; clear H2 structure; proof/results language; pricing/cost intent coverage; FAQ coverage
CRM for auto detailing business,4,https://swirlcrm.com/,swirlcrm.com,Swirl CRM - The Command Center for Auto Detailers & PPF Shops,SaaS/product page,491,proof/results language; pricing/cost intent coverage; strong CTA; industry-specific positioning; covers full acquisition system
CRM for auto detailing business,5,https://www.mydetailerpro.com/,mydetailerpro.com,MyDetailerPro - Auto Detailing CRM & Business Management Software,mixed/commercial page,0,domain authority or exact-match relevance likely
CRM for auto detailing business,6,https://roxohub.com/blog/best-crm-auto-detailing-business-2026/,roxohub.com,Best CRM for Auto Detailing Business (2026) | ROXO Hub,listicle/guide,2897,substantial long-form content; clear H2 structure; proof/results language; pricing/cost intent coverage; FAQ coverage
CRM for auto detailing business,7,https://www.autodetailcrm.com/,autodetailcrm.com,Auto Detailing CRM: AI Receptionist + CRM for Detailers,SaaS/product page,1278,substantial long-form content; clear H2 structure; proof/results language; pricing/cost intent coverage; strong CTA
CRM for auto detailing business,8,https://www.getjobber.com/industries/auto-detailing-software/,getjobber.com,"Auto Detailing Software | Booking, Estimating, Scheduling & CRM",blog/guide,2597,substantial long-form content; clear H2 structure; proof/results language; pricing/cost intent coverage; FAQ coverage
ceramic coating lead generation,1,https://vezzlemedia.com/industries/automotive-services/ceramic-coating-lead-generation/,vezzlemedia.com,Ceramic Coating Lead Generation - Vezzle Media,service landing page,1276,substantial long-form content; clear H2 structure; proof/results language; pricing/cost intent coverage; strong CTA
ceramic coating lead generation,2,https://yugmarketing.com/,yugmarketing.com,"Yug Marketing — Ceramic Coating Leads + Wholesale Coatings, $497/mo",agency landing page,1528,substantial long-form content; clear H2 structure; proof/results language; pricing/cost intent coverage; FAQ coverage
ceramic coating lead generation,3,https://partpixelads.com/ceramic-coating-marketing/,partpixelads.com,Ceramic Coating & Auto Detailing Marketing - PartPixel | Digital Marketing & Advertising,blog/guide,2409,substantial long-form content; proof/results language; strong CTA; covers full acquisition system
ceramic coating lead generation,4,https://www.campaignlabsagency.net/,campaignlabsagency.net,Ceramic Coating Marketing | Campaign Labs,mixed/commercial page,896,substantial long-form content
ceramic coating lead generation,5,https://cardetailingmarketing.com/,cardetailingmarketing.com,Digital Marketing for Auto Detailers | Car Detailing Marketing,service landing page,1253,substantial long-form content; clear H2 structure; proof/results language; pricing/cost intent coverage; strong CTA
ceramic coating lead generation,6,https://www.detailersmovement.com/case-study-how-one-auto-detailer-doubled-their-leads-with-local-seo/,detailersmovement.com,Case Study: How One Auto Detailer Doubled Their Leads with Local SEO (2025 Example),service landing page,1202,substantial long-form content; clear H2 structure; proof/results language; FAQ coverage; strong CTA
ceramic coating lead generation,7,https://ceramiccoating.customers.plus/,ceramiccoating.customers.plus,Ceramic Coating Customers Plus | The All-In-One Ceramic Coating Sales ...,mixed/commercial page,5040,substantial long-form content
ceramic coating lead generation,8,https://www.fiverr.com/mari_gold_/generate-high-quality-auto-detailing-ceramic-coating-and-glass-coating-leads,fiverr.com,Generate auto detailing and ceramic coating leads by Mari_gold_ | Fiverr,service landing page,577,clear H2 structure; proof/results language; covers full acquisition system
contractor marketing agency,1,https://contractorrhino.com/,contractorrhino.com,Contractor Marketing Agency | Contractor Rhino,service landing page,2103,substantial long-form content; clear H2 structure; proof/results language; pricing/cost intent coverage; strong CTA
contractor marketing agency,2,https://www.reddoormarketingco.com/,reddoormarketingco.com,Red Door Marketing Co. | Construction Marketing Agency,service landing page,1581,substantial long-form content; clear H2 structure; proof/results language; pricing/cost intent coverage; FAQ coverage
contractor marketing agency,3,https://contractormarketingpros.net/,contractormarketingpros.net,"Contractor Marketing Agency | SEO, PPC, Web Design",service landing page,2501,substantial long-form content; clear H2 structure; proof/results language; pricing/cost intent coverage; strong CTA
contractor marketing agency,4,https://magnetamarketing.com/,magnetamarketing.com,Digital Marketing for Construction Businesses | Magneta Marketing,service landing page,1523,substantial long-form content; clear H2 structure; proof/results language; pricing/cost intent coverage; FAQ coverage
contractor marketing agency,5,https://leads4build.com/,leads4build.com,Full-Service Digital Marketing Agency For Contractors| Leads4Build,SaaS/product page,1087,substantial long-form content; proof/results language; pricing/cost intent coverage; strong CTA; industry-specific positioning
contractor marketing agency,6,https://rageagency.com/josephine-pa-marketing-agency/,rageagency.com,Josephine PA Marketing Agency - Rage Agency,service landing page,963,clear H2 structure; proof/results language; FAQ coverage; strong CTA; covers full acquisition system
contractor marketing agency,7,https://www.webfx.com/blog/home-services/best-construction-marketing-agencies/,webfx.com,10 Best Contractor Marketing Agencies in 2026,listicle/guide,3615,substantial long-form content; proof/results language; pricing/cost intent coverage; strong CTA; industry-specific positioning
contractor marketing agency,8,https://www.contractorgrowthnetwork.com/,contractorgrowthnetwork.com,Contractor Marketing Agency | Build Your Brand With CGN,agency landing page,523,clear H2 structure; proof/results language; pricing/cost intent coverage
Google Ads for contractors,1,https://improveandgrow.com/contractors-and-trades/how-to-run-google-ads-for-contractors/,improveandgrow.com,How To Run Google Ads For Contractors: 7 Powerful Success Tips 2025,listicle/guide,2130,substantial long-form content; clear H2 structure; proof/results language; pricing/cost intent coverage; FAQ coverage
Google Ads for contractors,2,https://www.linkedin.com/pulse/google-ads-general-contractors-complete-2026-guide-handoff-ai-n8ane,linkedin.com,Google Ads For General Contractors: The Complete 2026 Guide,listicle/guide,4213,substantial long-form content; proof/results language; pricing/cost intent coverage; FAQ coverage; strong CTA
Google Ads for contractors,3,https://clicksgeek.com/google-ads-for-contractors/,clicksgeek.com,Google Ads For Contractors: Complete Setup Guide 2026,listicle/guide,5235,substantial long-form content; clear H2 structure; proof/results language; pricing/cost intent coverage; strong CTA
Google Ads for contractors,4,https://support.google.com/localservices/answer/6224841?hl=en&co=GENIE.CountryCode%3DUS,support.google.com,Getting started with Local Services Ads - United States - Local Services Help,service landing page,1281,substantial long-form content; clear H2 structure; proof/results language; strong CTA
Google Ads for contractors,5,https://www.workzen.io/en/blog/truth-about-google-ads-for-contractors/,workzen.io,The Truth About Google Ads for Contractors (Real ROI Numbers) - WorkZen Blog,listicle/guide,2487,substantial long-form content; clear H2 structure; proof/results language; pricing/cost intent coverage; FAQ coverage
Google Ads for contractors,6,https://localbizguru.com/blog/google-local-service-ads-for-contractors,localbizguru.com,Google Local Service Ads For Contractors: The Complete 2026 Guide | LocalBizGuru,listicle/guide,4061,substantial long-form content; clear H2 structure; proof/results language; pricing/cost intent coverage; FAQ coverage
Google Ads for contractors,7,https://launch10.com/blog/google-ads-for-contractors,launch10.com,Google Ads for Contractors: Get More Project Calls,listicle/guide,2170,substantial long-form content; clear H2 structure; proof/results language; pricing/cost intent coverage; FAQ coverage
Google Ads for contractors,8,https://yoyofumedia.com/google-ads-for-contractors/,yoyofumedia.com,Google Ads For Contractors 2026: An Easy Guide To Grow Your Construction Business Through PPC - YoYoFuMedia,blog/guide,3181,substantial long-form content; clear H2 structure; proof/results language; pricing/cost intent coverage; strong CTA
local SEO for contractors,1,https://topbrandingaltimeter.com/blog/contractor-seo/,topbrandingaltimeter.com,Ultimate 10 Contractor SEO Strategies For More Leads,blog/guide,4132,substantial long-form content; clear H2 structure; proof/results language; pricing/cost intent coverage; FAQ coverage
local SEO for contractors,2,https://gomarketing.com/blog/the-complete-local-seo-guide-for-home-service-contractors-in-2026/,gomarketing.com,The Complete Local SEO Guide for Home Service Contractors in 2026,blog/guide,1963,substantial long-form content; clear H2 structure; proof/results language; strong CTA; industry-specific positioning
local SEO for contractors,3,https://stigmare.com/unlock-local-seo-for-contractors-today/,stigmare.com,Unlock Local SEO for Contractors Today – Stigmare Growth Architecture and Marketing Agency,service landing page,1188,substantial long-form content; clear H2 structure; proof/results language; FAQ coverage; strong CTA
local SEO for contractors,4,https://rankpill.com/seo-for/contractors,rankpill.com,SEO for Contractors: The Complete 2026 Guide | RankPill,listicle/guide,2073,substantial long-form content; clear H2 structure; proof/results language; pricing/cost intent coverage; FAQ coverage
local SEO for contractors,5,https://www.theedigital.com/blog/seo-for-construction-companies,theedigital.com,SEO for Construction Companies | Practical Guide for 2026,unfetched SERP result,0,SERP title/domain relevance; fetch blocked or timed out
local SEO for contractors,6,https://contractorplus.app/en/blog/contractor-seo-101,contractorplus.app,Contractor SEO 101: Everything You Need To Know In 2026,blog/guide,425,proof/results language; FAQ coverage; industry-specific positioning
local SEO for contractors,7,https://www.brightlocal.com/,brightlocal.com,"BrightLocal - Local SEO Platform, Citations, Services, and APIs",listicle/guide,2008,substantial long-form content; clear H2 structure; proof/results language; pricing/cost intent coverage; strong CTA
local SEO for contractors,8,https://bknddevelopment.com/seo-insights/local-seo-for-contractors/,bknddevelopment.com,Local SEO for Contractors: The Complete 2026 Guide | BKND,blog/guide,2790,substantial long-form content; clear H2 structure; proof/results language; pricing/cost intent coverage; strong CTA
CRM automation for service businesses,1,https://www.bigcontacts.com/blog/best-crm-for-service-businesses/,bigcontacts.com,10 Best CRM for Service Business to Boost Client Relationships in 2026 Follow us on linkedIn Follow us on facebook Follow us on Youtube,listicle/guide,3605,substantial long-form content; clear H2 structure; proof/results language; pricing/cost intent coverage; FAQ coverage
CRM automation for service businesses,2,https://monday.com/blog/crm-and-sales/crm-for-service-business/,monday.com,CRM For Service Businesses: 6 Best Solutions For 2026,listicle/guide,3713,substantial long-form content; clear H2 structure; proof/results language; pricing/cost intent coverage; FAQ coverage
CRM automation for service businesses,3,https://www.softr.io/blog/best-crm-for-service-business,softr.io,Best CRM for service businesses (2026),listicle/guide,5196,substantial long-form content; clear H2 structure; proof/results language; pricing/cost intent coverage; strong CTA
CRM automation for service businesses,4,https://www.close.com/blog/service-business-crms,close.com,8 Best CRMs for Service Businesses in 2026,listicle/guide,3099,substantial long-form content; clear H2 structure; proof/results language; pricing/cost intent coverage; FAQ coverage
CRM automation for service businesses,5,https://capsulecrm.com/blog/best-crm-for-service-based-business/,capsulecrm.com,10 best CRM for service-based businesses in 2025,listicle/guide,2426,substantial long-form content; clear H2 structure; proof/results language; pricing/cost intent coverage; strong CTA
CRM automation for service businesses,6,https://crm.org/crmland/service-crm,crm.org,Best Customer Service CRM: 8 Platforms to Boost Support in 2026 | CRM.org,mixed/commercial page,4522,substantial long-form content; clear H2 structure; proof/results language; pricing/cost intent coverage; FAQ coverage
CRM automation for service businesses,7,https://nethunt.com/blog/7-best-crm-for-service-business/,nethunt.com,7 Best CRM for Service Business in 2026 NetHunt CRM NetHunt CRM,listicle/guide,3469,substantial long-form content; clear H2 structure; proof/results language; pricing/cost intent coverage; FAQ coverage
CRM automation for service businesses,8,https://toolradar.com/guides/best-crm-for-service-businesses,toolradar.com,Best CRM for Service Businesses 2026: Top 5 Picks for Client Management,listicle/guide,2507,substantial long-form content; clear H2 structure; proof/results language; pricing/cost intent coverage; FAQ coverage
GoHighLevel setup services,1,https://help.gohighlevel.com/support/solutions/articles/155000005330-how-to-create-services-,help.gohighlevel.com,Services: Create New Services with Resources & Add-ons : HighLevel Support Portal,blog/guide,1776,substantial long-form content; clear H2 structure; pricing/cost intent coverage; FAQ coverage; strong CTA
GoHighLevel setup services,2,https://www.ghl.services/,ghl.services,GoHighLevel,service landing page,1396,substantial long-form content; clear H2 structure; proof/results language; pricing/cost intent coverage; FAQ coverage
GoHighLevel setup services,3,https://autoesta.com/go-high-level-setup-agency/,autoesta.com,GoHighLevel Setup Agency | Expert CRM & Automation Setup,service landing page,2400,substantial long-form content; clear H2 structure; proof/results language; pricing/cost intent coverage; strong CTA
GoHighLevel setup services,4,https://ghlhero.com/,ghlhero.com,GoHighLevel Experts & GHL Agency Services | GHL Hero,service landing page,1831,substantial long-form content; clear H2 structure; proof/results language; pricing/cost intent coverage; strong CTA
GoHighLevel setup services,5,https://getautomized.com/go-high-level-consultant/,getautomized.com,Go High Level Consultant And Automation Specialist | Automize,unfetched SERP result,0,SERP title/domain relevance; fetch blocked or timed out
GoHighLevel setup services,6,https://crmautomates.com/,crmautomates.com,CRM Automates: Certified GoHighLevel Experts & Systems for Businesses That Want Results,service landing page,2244,substantial long-form content; clear H2 structure; proof/results language; pricing/cost intent coverage; strong CTA
GoHighLevel setup services,7,https://gohighlevel360.com/,gohighlevel360.com,GoHighLevel Implementation & CRM Setup | GoHighLevel360 Lovable App,mixed/commercial page,2,domain authority or exact-match relevance likely
GoHighLevel setup services,8,https://brandifidigital.com/,brandifidigital.com,Brandifi Digital | Expert GoHighLevel (GHL) Setup & Automation Services,service landing page,805,clear H2 structure; proof/results language; strong CTA; covers full acquisition system
AI automation for service businesses,1,https://codeless.co/best-ai-automation-agencies/,codeless.co,9 Best AI Automation Agencies (Ranked) 2026 - Codeless,listicle/guide,1601,substantial long-form content; proof/results language; pricing/cost intent coverage; FAQ coverage; strong CTA
AI automation for service businesses,2,https://kpmg.com/us/en/articles/2025/ai-automation-service-delivery.html,kpmg.com,How AI and automation are changing service delivery,blog/guide,3264,substantial long-form content; clear H2 structure; proof/results language; pricing/cost intent coverage; strong CTA
AI automation for service businesses,3,https://www.ekipa.ai/ekipa-labs/ai-tools-for-business-automation,ekipa.ai,12 Best AI Tools for Business Automation in 2026,SaaS/product page,5587,substantial long-form content; clear H2 structure; proof/results language; pricing/cost intent coverage; FAQ coverage
AI automation for service businesses,4,https://www.apptunix.com/blog/top-ai-automation-examples/,apptunix.com,Top 10 AI Automation Examples For Businesses in 2026,listicle/guide,7780,substantial long-form content; clear H2 structure; proof/results language; pricing/cost intent coverage; FAQ coverage
AI automation for service businesses,5,https://influencermarketinghub.com/ai-automation-agencies/,influencermarketinghub.com,Top 12 AI Automation Agencies for 2025,listicle/guide,7331,substantial long-form content; clear H2 structure; proof/results language; pricing/cost intent coverage; strong CTA
AI automation for service businesses,6,https://www.all-lines-tech.com/areas-we-serve/columbus-oh-ai-automation/,all-lines-tech.com,"Columbus, OH AI Automation Support & Services Company - All Lines Technology",service landing page,1264,substantial long-form content; clear H2 structure; pricing/cost intent coverage
AI automation for service businesses,7,https://www.analyticsinsight.net/artificial-intelligence/best-low-code-ai-automation-platforms-for-businesses-in-2026,analyticsinsight.net,Smart Business Automation Platforms Powered by AI in 2026,agency landing page,1073,substantial long-form content; clear H2 structure; FAQ coverage; strong CTA
AI automation for service businesses,8,https://www.profinda.com/resources/guides/how-ai-automation-transforms-services/,profinda.com,AI Automation for Service-Based Firms | ProFinda,blog/guide,2240,substantial long-form content; clear H2 structure; proof/results language; pricing/cost intent coverage; strong CTA
AI appointment booking automation,1,https://trtc.io/blog/details/ai-appointment-scheduling-guide,trtc.io,AI Appointment Scheduling: Automate Bookings by Phone (2026),listicle/guide,1702,substantial long-form content; clear H2 structure; proof/results language; pricing/cost intent coverage; FAQ coverage
AI appointment booking automation,2,https://www.myaifrontdesk.com/blogs/12-best-ai-appointment-booking-tools-for-2025-reviewed,myaifrontdesk.com,12 Best AI Appointment Booking Tools for 2025 (Reviewed),unfetched SERP result,0,SERP title/domain relevance; fetch blocked or timed out
AI appointment booking automation,3,https://www.taskade.com/blog/best-ai-booking-systems,taskade.com,9 Best AI Booking Systems in 2026 - Scheduling With AI Agents | Taskade Blog,listicle/guide,7189,substantial long-form content; clear H2 structure; proof/results language; pricing/cost intent coverage; FAQ coverage
AI appointment booking automation,4,https://www.cekura.ai/blogs/best-ai-appointment-booking-tools,cekura.ai,5 Best AI Appointment Booking Tools Tested + Ranked in 2026,local landing page,3311,substantial long-form content; clear H2 structure; proof/results language; pricing/cost intent coverage; FAQ coverage
AI appointment booking automation,5,https://www.voiceflow.com/ai/scheduling-appointment-booking,voiceflow.com,AI appointment scheduling platform for businesses,listicle/guide,802,clear H2 structure; proof/results language; pricing/cost intent coverage; FAQ coverage; strong CTA
AI appointment booking automation,6,https://thedigitalprojectmanager.com/tools/ai-scheduling-assistant/,thedigitalprojectmanager.com,21 Best AI Scheduling Assistant Reviewed in 2026 - The Digital Project ...,unfetched SERP result,0,SERP title/domain relevance; fetch blocked or timed out
AI appointment booking automation,7,https://blog.fastbots.ai/ai-chatbot-for-appointment-booking-how-to-automate-scheduling-and-never-miss-a-lead/,blog.fastbots.ai,AI Chatbot for Appointment Booking: The Complete How-To Guide,blog/guide,3675,substantial long-form content; clear H2 structure; proof/results language; pricing/cost intent coverage; FAQ coverage
AI appointment booking automation,8,https://upfirst.ai/blog/ai-appointment-booking-platforms,upfirst.ai,6 Best AI Appointment Booking Platforms for Small Business,listicle/guide,2529,substantial long-form content; clear H2 structure; proof/results language; pricing/cost intent coverage; strong CTA
med spa marketing agency,1,https://themedspasociety.com/,themedspasociety.com,Top Medspa Marketing Agency | The MedSpa Society,service landing page,419,clear H2 structure; proof/results language; covers full acquisition system
med spa marketing agency,2,https://medspaagency.com/,medspaagency.com,Medspa Marketing Agency | Medical Spa Advertising Services,service landing page,4013,substantial long-form content; clear H2 structure; proof/results language; pricing/cost intent coverage; FAQ coverage
med spa marketing agency,3,https://themedspaagency.com/about-us/,themedspaagency.com,About Us - The Med Spa Agency,service landing page,1194,substantial long-form content; proof/results language; strong CTA; industry-specific positioning; covers full acquisition system
med spa marketing agency,4,https://medspamagicmarketing.com/,medspamagicmarketing.com,"Med Spa Marketing Agency, Services - Med Spa Magic Marketing",blog/guide,753,clear H2 structure; proof/results language; FAQ coverage; strong CTA; industry-specific positioning
med spa marketing agency,5,https://doctorlogic.com/specialties/medical-spa-marketing,doctorlogic.com,Med Spa Marketing Specialists | Med Spa Marketing Agency,service landing page,1201,substantial long-form content; clear H2 structure; proof/results language; strong CTA; industry-specific positioning
med spa marketing agency,6,https://pilotpractice.com/med-spa-digital-marketing-agency-in-dallas-tx.html,pilotpractice.com,Dallas Med Spa Marketing Agency | Best Healthcare Marketing Services,SaaS/product page,902,clear H2 structure; proof/results language; pricing/cost intent coverage; strong CTA; industry-specific positioning
med spa marketing agency,7,https://diamondaccelerator.com/,diamondaccelerator.com,#1 Med Spa Digital Marketing Agency | Medical Spa Marketing,agency landing page,1116,substantial long-form content; clear H2 structure; proof/results language; pricing/cost intent coverage; FAQ coverage
med spa marketing agency,8,https://www.studio3marketing.com/med-spa/,studio3marketing.com,Internet Marketing Agency for Medical Spas | Studio 3 Marketing,listicle/guide,472,proof/results language; strong CTA
B2B lead generation agency,1,https://www.leadium.com/,leadium.com,B2B Lead Generation & Sales Appointments | Leadium,agency landing page,2054,substantial long-form content; proof/results language; pricing/cost intent coverage; strong CTA
B2B lead generation agency,2,https://saleshive.com/,saleshive.com,B2B Sales Agency & SDR Agency | SalesHive,service landing page,2542,substantial long-form content; clear H2 structure; proof/results language; pricing/cost intent coverage; FAQ coverage
B2B lead generation agency,3,https://www.sequenzy.com/blog/best-b2b-lead-generation-agencies,sequenzy.com,21 Best B2B Lead Generation Services and Agencies (2026) | Sequenzy,listicle/guide,2673,substantial long-form content; proof/results language; pricing/cost intent coverage; covers full acquisition system
B2B lead generation agency,4,https://www.callboxinc.com/,callboxinc.com,Callbox: Lead Generation Agency - Sales Support Service,SaaS/product page,1989,substantial long-form content; clear H2 structure; proof/results language; pricing/cost intent coverage; FAQ coverage
B2B lead generation agency,5,https://expandi.io/blog/lead-generation-companies/,expandi.io,25 Best Lead Generation Companies and Services in 2026,listicle/guide,7723,substantial long-form content; proof/results language; pricing/cost intent coverage; FAQ coverage; strong CTA
B2B lead generation agency,6,https://invoicefly.com/academy/lead-generation-services/,invoicefly.com,Best Lead Generation Services in 2025: Top 23 Companies – Invoice Fly,service landing page,2311,substantial long-form content; proof/results language; pricing/cost intent coverage; FAQ coverage; strong CTA
B2B lead generation agency,7,https://www.unboundb2b.com/blog/top-b2b-lead-generation-companies/,unboundb2b.com,Maximize ROI: 15 B2B Lead Generation Companies in 2026,listicle/guide,3203,substantial long-form content; clear H2 structure; proof/results language; pricing/cost intent coverage; FAQ coverage
B2B lead generation agency,8,https://emailanalytics.com/b2b-lead-gen-agencies,emailanalytics.com,12 Best B2B Lead Gen Agencies (2026),agency landing page,4219,substantial long-form content; clear H2 structure; proof/results language; pricing/cost intent coverage; strong CTA
SEO AEO GEO services,1,https://www.mo.agency/blog/seo-aeo-geo-explained,mo.agency,SEO vs AEO vs GEO: The Definitions Most Agencies Are Getting Confused,listicle/guide,1501,substantial long-form content; clear H2 structure; proof/results language; FAQ coverage; strong CTA
SEO AEO GEO services,2,https://www.searchenginepeople.com/blog/geo-vs-aeo-vs-seo-whats-the-difference-and-how-to-optimize-for-all-three.html,searchenginepeople.com,GEO vs AEO vs SEO: What’s the Difference and How to Optimize for All Three,blog/guide,2165,substantial long-form content; clear H2 structure; proof/results language; pricing/cost intent coverage; FAQ coverage
SEO AEO GEO services,3,https://www.searchable.com/blog/geo-vs-seo-vs-aeo,searchable.com,"GEO vs SEO vs AEO: The Honest Guide to What's Real, What's Hype, and What to Do About It",listicle/guide,3289,substantial long-form content; clear H2 structure; proof/results language; pricing/cost intent coverage; FAQ coverage
SEO AEO GEO services,4,https://digitalagencynetwork.com/aeo-vs-seo-vs-geo/,digitalagencynetwork.com,"AEO vs SEO vs GEO: Key Differences, Strategies, and What Actually Works in 2026",listicle/guide,6328,substantial long-form content; clear H2 structure; proof/results language; pricing/cost intent coverage; FAQ coverage
SEO AEO GEO services,5,https://blog.hubspot.com/marketing/aeo-vs-geo,blog.hubspot.com,AEO vs. GEO explained: What marketers need to know now,mixed/commercial page,4075,substantial long-form content; clear H2 structure; proof/results language; pricing/cost intent coverage; FAQ coverage
SEO AEO GEO services,6,https://aeoagency.us/aeo-services/,aeoagency.us,"AEO, GEO &amp; AI SEO Services | AEO Agency US Core Services",unfetched SERP result,0,SERP title/domain relevance; fetch blocked or timed out
SEO AEO GEO services,7,https://www.seorav.com/blog/seo-vs-aeo-vs-geo-definitions-and-key-differences,seorav.com,SEO vs AEO vs GEO: Definitions and Key Differences | SEORAV,blog/guide,1895,substantial long-form content; clear H2 structure; proof/results language; FAQ coverage; strong CTA
SEO AEO GEO services,8,https://higoodie.com/blog/aeo-geo-seo-differences-strategies-tools/,higoodie.com,"AEO & GEO vs. SEO: Differences, Strategies & Tools | Goodie",listicle/guide,3934,substantial long-form content; clear H2 structure; proof/results language; pricing/cost intent coverage; FAQ coverage
answer engine optimization services,1,https://www.elsner.com/services/answer-engine-optimization-services/,elsner.com,Answer Engine Optimization Services Company,blog/guide,3131,substantial long-form content; clear H2 structure; proof/results language; pricing/cost intent coverage; FAQ coverage
answer engine optimization services,2,https://answerengineoptimizationservices.com/,answerengineoptimizationservices.com,Answer Engine Optimization Services | AEO Readiness & Implementation,blog/guide,666,proof/results language; FAQ coverage; strong CTA
answer engine optimization services,3,https://victorious.com/services/answer-engine-optimization/,victorious.com,Answer Engine Optimization Services | AEO Agency | Victorious,listicle/guide,1031,substantial long-form content; clear H2 structure; proof/results language; strong CTA
answer engine optimization services,4,https://www.modernmarketingpartners.com/2026/03/19/14-best-answer-engine-optimization-agencies-aeo-insights-company-rankings-for-2026/,modernmarketingpartners.com,14 Best Answer Engine Optimization Agencies: AEO Insights Company Rankings for 2026,listicle/guide,5024,substantial long-form content; clear H2 structure; proof/results language; pricing/cost intent coverage; FAQ coverage
answer engine optimization services,5,https://thesiliconreview.com/2026/05/best-4-answer-engine-optimization-agencies-for-business-leaders-in-2026,thesiliconreview.com,Best 4 Answer Engine Optimization Agencies for Leaders 2026,listicle/guide,1806,substantial long-form content; clear H2 structure; proof/results language; pricing/cost intent coverage; strong CTA
answer engine optimization services,6,https://semai.ai/search-engine-optimization/aeo-guides/top-10-answer-engine-optimization-companies-services,semai.ai,Top 10 Answer Engine Optimization (AEO) Companies in 2025,listicle/guide,1029,substantial long-form content; clear H2 structure; proof/results language; pricing/cost intent coverage; FAQ coverage
answer engine optimization services,7,https://respona.com/blog/answer-engine-optimization-agencies/,respona.com,17 Best Answer Engine Optimization (AEO) Agencies in 2026,listicle/guide,5302,substantial long-form content; clear H2 structure; proof/results language; pricing/cost intent coverage; FAQ coverage
answer engine optimization services,8,https://eseospace.com/answer-engine-optimization/,eseospace.com,Answer Engine Optimization (AEO) Services | eSEOspace,blog/guide,1874,substantial long-form content; clear H2 structure; proof/results language; pricing/cost intent coverage; FAQ coverage
Google Local Service Ads management,1,https://ads.google.com/intl/en_us/intl/en_us/home/local-services-ads/,ads.google.com,Reach Local Customers with Local Service Ads - Google Ads,service landing page,2755,substantial long-form content; clear H2 structure; proof/results language; pricing/cost intent coverage; strong CTA
Google Local Service Ads management,2,https://peertopeermarketing.co/google-local-services-ads/,peertopeermarketing.co,Google Local Services Ads: Ultimate Step-by-Step Guide [2026],listicle/guide,4090,substantial long-form content; clear H2 structure; proof/results language; pricing/cost intent coverage; covers full acquisition system
Google Local Service Ads management,3,https://www.wordstream.com/blog/google-local-services-ads,wordstream.com,The Ultimate Guide to Google's Local Service Ads,listicle/guide,2993,substantial long-form content; clear H2 structure; proof/results language; pricing/cost intent coverage; strong CTA
Google Local Service Ads management,4,https://www.oneupweb.com/blog/guide-to-google-local-service-ads/,oneupweb.com,Google's Local Service Ads (LSA) - An Overview,blog/guide,1736,substantial long-form content; clear H2 structure; proof/results language; pricing/cost intent coverage; FAQ coverage
Google Local Service Ads management,5,https://lineardesign.com/blog/local-google-ads-management-guide/,lineardesign.com,Local Google Ads Management: Boost Your Success 2025,listicle/guide,3188,substantial long-form content; clear H2 structure; proof/results language; pricing/cost intent coverage; FAQ coverage
Google Local Service Ads management,6,https://zapier.com/blog/google-local-service-ads/,zapier.com,Google Local Services Ads: A full guide to getting started,blog/guide,3357,substantial long-form content; clear H2 structure; proof/results language; pricing/cost intent coverage; FAQ coverage
Google Local Service Ads management,7,https://localseotoolsandtips.com/google-local-service-ads-your-ultimate-guide/,localseotoolsandtips.com,Google Local Service Ads: Your Ultimate Guide for 2025,listicle/guide,1579,substantial long-form content; clear H2 structure; proof/results language; pricing/cost intent coverage; FAQ coverage
Google Local Service Ads management,8,https://www.portsidemarketing.com/ad-management/google-lsa-management/,portsidemarketing.com,"Google LSA Management Services | Portside Marketing – Expert Google Local Service Ads Setup, Optimization & Lead Generation for Local Businesses",service landing page,2051,substantial long-form content; clear H2 structure; proof/results language; pricing/cost intent coverage; strong CTA
Facebook Ads for service businesses,1,https://schedulingkit.com/hub/business-growth/facebook-ads-service-businesses,schedulingkit.com,Facebook Ads for Service Businesses: What Works (2026) | SchedulingKit,SaaS/product page,2367,substantial long-form content; clear H2 structure; proof/results language; pricing/cost intent coverage; FAQ coverage
Facebook Ads for service businesses,2,https://business.facebook.com/,business.facebook.com,Meta for Business (formerly Facebook for Business),unfetched SERP result,0,SERP title/domain relevance; fetch blocked or timed out
Facebook Ads for service businesses,3,https://surchdigital.com/facebook-ads-for-service-based-businesses/,surchdigital.com,Facebook Ads for Service-Based Businesses: What Works in 2025 - Surch Digital,listicle/guide,1584,substantial long-form content; clear H2 structure; proof/results language; pricing/cost intent coverage; strong CTA
Facebook Ads for service businesses,4,https://dndseoservices.com/blog/facebook-ads-for-service-businesses/,dndseoservices.com,"Facebook Ads for Service Businesses: Lead Gen, Costs & ROI Guide",blog/guide,2513,substantial long-form content; clear H2 structure; proof/results language; pricing/cost intent coverage; strong CTA
Facebook Ads for service businesses,5,https://clicksgeek.com/facebook-ads-for-service-based-business/,clicksgeek.com,Facebook Ads For Service Based Business: 6-Step Guide,listicle/guide,5182,substantial long-form content; clear H2 structure; proof/results language; pricing/cost intent coverage; strong CTA
Facebook Ads for service businesses,6,https://savemyleads.com/blog/other/facebook-ads-for-service-business,savemyleads.com,Facebook Ads for Service Business | SaveMyLeads,listicle/guide,1518,substantial long-form content; clear H2 structure; proof/results language; FAQ coverage; strong CTA
Facebook Ads for service businesses,7,https://business.meta.com/,business.meta.com,Marketing Tools and Advertising Solutions on Facebook and Instagram,unfetched SERP result,0,SERP title/domain relevance; fetch blocked or timed out
Facebook Ads for service businesses,8,https://leadenforce.com/blog/creating-custom-facebook-ads-for-service-based-businesses-a-complete-guide,leadenforce.com,LeadEnforce | Creating Custom Facebook Ads for Service-Based Businesses: A Complete Guide,listicle/guide,416,proof/results language; pricing/cost intent coverage; FAQ coverage; strong CTA
website design for service businesses,1,https://www.wix.com/blog/website-builders-for-service-businesses,wix.com,6 top website builders for service businesses in 2026,listicle/guide,0,industry-specific positioning
website design for service businesses,2,https://www.founderjar.com/inspiration/service-websites/,founderjar.com,Service Websites: 40 Inspiring Examples (2025),service landing page,4177,substantial long-form content; clear H2 structure; proof/results language; FAQ coverage; covers full acquisition system
website design for service businesses,3,https://www.sitebuilderreport.com/inspiration/service-page-examples,sitebuilderreport.com,30+ Inspiring Service Page Design Examples (2026),listicle/guide,407,clear H2 structure; pricing/cost intent coverage
website design for service businesses,4,https://colorlib.com/wp/service-websites/,colorlib.com,21 Best Service Websites (Examples) 2026 - Colorlib,mixed/commercial page,2262,substantial long-form content; proof/results language; industry-specific positioning
website design for service businesses,5,https://99designs.com/inspiration/websites/service,99designs.com,Service websites - 64+ Best Service Web Design Ideas 2026 | 99designs,listicle/guide,2900,substantial long-form content; pricing/cost intent coverage; strong CTA; covers full acquisition system
website design for service businesses,6,https://www.kajabi.com/blog/best-website-builders-for-service-businesses,kajabi.com,7 Best Website Builders For Service Businesses In 2025 | Kajabi Blog,listicle/guide,4986,substantial long-form content; clear H2 structure; proof/results language; pricing/cost intent coverage; strong CTA
website design for service businesses,7,https://webflow.com/blog/website-for-services,webflow.com,How to build a services website: Best practices and 5 examples | Webflow Blog Webflow X Facebook LinkedIn Made in Webflow YouTube X Facebook Linkedin Instagram TikTok,listicle/guide,2545,substantial long-form content; clear H2 structure; proof/results language; pricing/cost intent coverage; FAQ coverage
website design for service businesses,8,https://onenine.com/best-service-websites-design/,onenine.com,7 Examples of the Best Service Websites Design in 2025 - OneNine,mixed/commercial page,4807,substantial long-form content; clear H2 structure; proof/results language; pricing/cost intent coverage; strong CTA
